,raster_lon,raster_lat,band1
0,-122.42375,37.78875,65.15439
1,-122.41541666666667,37.77458333333333,18.30754
2,-122.42708333333333,37.775416666666665,39.058594
3,-122.43208333333334,37.78625,47.430504
4,-122.42375,37.78958333333333,61.32524
5,-122.43208333333334,37.77791666666667,43.657467
6,-122.44125,37.78625,51.96742
7,-122.42791666666666,37.77291666666667,57.509644
8,-122.45291666666667,37.782916666666665,71.57658
9,-122.46625,37.78125,56.574535
10,-122.46708333333333,37.78208333333333,56.7767
11,-122.45541666666666,37.790416666666665,78.56944
12,-122.46958333333333,37.78791666666667,49.99963
13,-122.41125,37.77458333333333,12.554918
14,-122.41208333333333,37.78958333333333,58.961906
15,-122.44958333333334,37.79291666666666,70.6124
16,-122.41208333333333,37.78375,23.44185
17,-122.41791666666667,37.787083333333335,44.958847
18,-122.41458333333334,37.78041666666667,16.014399
19,-122.42375,37.79125,78.17439
20,-122.45375,37.78625,78.87116
21,-122.46041666666666,37.775416666666665,71.16623
22,-122.42875,37.77625,40.560112
23,-122.45458333333333,37.77041666666667,80.922905
24,-122.46208333333334,37.790416666666665,90.05743
25,-122.44791666666667,37.77041666666667,86.596214
26,-122.42875,37.779583333333335,30.19114
27,-122.43041666666667,37.78541666666666,46.237568
28,-122.43791666666667,37.77875,66.8362
29,-122.43625,37.77875,63.724075
30,-122.41708333333334,37.77291666666667,14.341056
31,-122.46041666666666,37.79375,80.1745
32,-122.46541666666667,37.78375,59.48473
33,-122.46041666666666,37.77041666666667,78.143875
34,-122.43541666666667,37.77708333333333,75.27542
35,-122.41125,37.78125,20.38465
36,-122.44875,37.782916666666665,85.349236
37,-122.46458333333334,37.78208333333333,56.585983
38,-122.46958333333333,37.78875,50.323307
39,-122.45375,37.77708333333333,98.84915
40,-122.45958333333333,37.77125,75.374756
41,-122.42041666666667,37.78375,41.576992
42,-122.45458333333333,37.78375,70.236275
43,-122.42458333333333,37.775416666666665,21.671438
44,-122.42625,37.78625,66.177666
45,-122.43208333333334,37.78791666666667,61.549847
46,-122.45375,37.77125,83.11986
47,-122.43375,37.78208333333333,40.175278
48,-122.46875,37.78791666666667,54.975716
49,-122.43208333333334,37.78041666666667,35.569862
50,-122.46375,37.78375,59.165283
51,-122.43375,37.78791666666667,56.005703
52,-122.44791666666667,37.782916666666665,85.51515
53,-122.44708333333334,37.77708333333333,81.92633
54,-122.46375,37.77708333333333,64.1538
55,-122.45291666666667,37.77041666666667,86.542694
56,-122.46124999999999,37.78458333333333,59.45849
57,-122.45708333333333,37.77875,74.92174
58,-122.41458333333334,37.78958333333333,69.413475
59,-122.43208333333334,37.78541666666666,45.053852
60,-122.41875,37.77291666666667,12.799789
61,-122.45041666666667,37.78458333333333,96.41169
62,-122.44625,37.77625,72.82556
63,-122.42791666666666,37.779583333333335,30.032156
64,-122.43125,37.77625,59.898804
65,-122.42708333333333,37.77041666666667,43.743397
66,-122.43291666666667,37.772083333333335,51.59718
67,-122.44708333333334,37.782916666666665,87.34764
68,-122.41041666666666,37.790416666666665,62.229755
69,-122.44791666666667,37.78625,88.465454
70,-122.43041666666667,37.77625,53.185776
71,-122.43708333333333,37.77708333333333,72.173775
72,-122.44041666666666,37.78791666666667,56.012928
73,-122.43125,37.79291666666666,94.74494
74,-122.42875,37.787083333333335,60.945457
75,-122.44458333333333,37.78625,64.096695
76,-122.44791666666667,37.78125,90.27422
77,-122.42708333333333,37.77458333333333,46.29426
78,-122.43041666666667,37.787083333333335,54.362343
79,-122.46708333333333,37.78041666666667,57.76954
80,-122.45208333333333,37.78791666666667,90.050415
81,-122.45375,37.77875,102.43638
82,-122.45291666666667,37.79291666666666,42.522125
83,-122.42625,37.77291666666667,44.68943
84,-122.42458333333333,37.78375,56.650265
85,-122.44208333333333,37.77875,83.332405
86,-122.46208333333334,37.78208333333333,58.353146
87,-122.44875,37.77875,95.02533
88,-122.42291666666667,37.77375,25.08732
89,-122.46041666666666,37.77708333333333,65.10157
90,-122.45041666666667,37.77041666666667,86.49046
91,-122.46958333333333,37.77041666666667,77.052864
92,-122.43291666666667,37.78208333333333,38.442635
93,-122.46875,37.79125,61.444298
94,-122.42791666666666,37.77458333333333,51.432236
95,-122.42125,37.775416666666665,17.831186
96,-122.44375,37.77625,71.711525
97,-122.46958333333333,37.79375,85.41814
98,-122.44791666666667,37.77875,91.919586
99,-122.46708333333333,37.77041666666667,81.40284
100,-122.42291666666667,37.78458333333333,58.77086
101,-122.42458333333333,37.78458333333333,62.00573
102,-122.42375,37.77125,23.512054
103,-122.44458333333333,37.78125,103.30061
104,-122.42291666666667,37.79125,66.33724
105,-122.44125,37.78541666666666,53.694275
106,-122.41208333333333,37.78125,19.150532
107,-122.44041666666666,37.77791666666667,78.83275
108,-122.42041666666667,37.78875,52.6368
109,-122.41291666666666,37.78125,17.60108
110,-122.45125,37.78625,87.311386
111,-122.44708333333334,37.77875,89.584076
112,-122.43708333333333,37.77458333333333,62.922585
113,-122.43291666666667,37.77791666666667,51.595413
114,-122.43041666666667,37.78625,50.372242
115,-122.41375,37.77458333333333,17.660526
116,-122.42875,37.77291666666667,57.87537
117,-122.44208333333333,37.78625,54.19398
118,-122.42708333333333,37.77125,50.686993
119,-122.42541666666666,37.77875,26.073204
120,-122.44041666666666,37.77708333333333,68.754326
121,-122.45375,37.77458333333333,94.08675
122,-122.45875,37.790416666666665,93.494156
123,-122.43458333333334,37.78625,47.700527
124,-122.41541666666667,37.79291666666666,111.53059
125,-122.41375,37.77291666666667,12.836289
126,-122.45208333333333,37.77625,108.12856
127,-122.45291666666667,37.78625,81.77076
128,-122.46625,37.79125,89.91817
129,-122.43625,37.77708333333333,72.955795
130,-122.43208333333334,37.78375,38.287983
131,-122.42958333333333,37.78791666666667,64.95619
132,-122.44875,37.77458333333333,84.49845
133,-122.42541666666666,37.78458333333333,67.05737
134,-122.46041666666666,37.78208333333333,62.1393
135,-122.44791666666667,37.77125,83.434616
136,-122.41125,37.77291666666667,10.571336
137,-122.44125,37.78375,50.86468
138,-122.41208333333333,37.775416666666665,14.801722
139,-122.43708333333333,37.77791666666667,74.047905
140,-122.43375,37.78625,44.494934
141,-122.43541666666667,37.78041666666667,41.141495
142,-122.42708333333333,37.77708333333333,30.139763
143,-122.45125,37.77458333333333,87.362495
144,-122.41875,37.78375,34.782833
145,-122.46875,37.77041666666667,73.80572
146,-122.43041666666667,37.77708333333333,42.274426
147,-122.44208333333333,37.77708333333333,69.439674
148,-122.41708333333334,37.77375,13.629366
149,-122.43375,37.77791666666667,56.647934
150,-122.42625,37.78958333333333,84.86512
151,-122.46708333333333,37.78791666666667,60.32318
152,-122.45708333333333,37.77041666666667,75.51794
153,-122.41708333333334,37.78875,66.88762
154,-122.41625,37.79208333333333,92.502495
155,-122.44791666666667,37.77625,81.2296
156,-122.46875,37.78541666666666,54.505047
157,-122.44208333333333,37.77458333333333,74.03526
158,-122.43041666666667,37.78375,44.006714
159,-122.43458333333334,37.78791666666667,55.49579
160,-122.41875,37.772083333333335,11.093524
161,-122.43791666666667,37.78458333333333,43.736137
162,-122.42458333333333,37.78958333333333,72.23887
163,-122.45791666666666,37.78125,69.75366
164,-122.46791666666667,37.79375,92.99404
165,-122.42541666666666,37.78791666666667,77.77338
166,-122.41875,37.77458333333333,14.1335125
167,-122.46458333333334,37.77458333333333,76.23528
168,-122.45125,37.77041666666667,87.77409
169,-122.44208333333333,37.78208333333333,74.09714
170,-122.42541666666666,37.77458333333333,34.590607
171,-122.42041666666667,37.779583333333335,19.455587
172,-122.45208333333333,37.77041666666667,87.330124
173,-122.41625,37.77125,8.258575
174,-122.41125,37.775416666666665,13.852799
175,-122.43291666666667,37.78958333333333,69.88912
176,-122.44208333333333,37.78791666666667,59.118366
177,-122.45208333333333,37.77291666666667,81.08023
178,-122.45291666666667,37.77125,86.58914
179,-122.46208333333334,37.77458333333333,73.115906
180,-122.46041666666666,37.78625,63.25351
181,-122.44458333333333,37.78958333333333,78.18093
182,-122.44625,37.79291666666666,114.98244
183,-122.46791666666667,37.775416666666665,72.8323
184,-122.46291666666667,37.78041666666667,57.082012
185,-122.42791666666666,37.782916666666665,44.58972
186,-122.41958333333334,37.78625,45.925304
187,-122.41208333333333,37.78875,57.24828
188,-122.42541666666666,37.77291666666667,41.01639
189,-122.44875,37.775416666666665,85.15266
190,-122.45541666666666,37.772083333333335,80.76211
191,-122.46458333333334,37.77375,76.52225
192,-122.46791666666667,37.790416666666665,56.869434
193,-122.41041666666666,37.77041666666667,11.045264
194,-122.42958333333333,37.779583333333335,31.39968
195,-122.44958333333334,37.79125,85.571495
196,-122.41958333333334,37.78041666666667,23.262785
197,-122.44625,37.79125,106.18465
198,-122.41291666666666,37.775416666666665,16.284225
199,-122.45541666666666,37.77791666666667,88.72059
200,-122.45375,37.77625,105.43838
201,-122.44125,37.79375,96.48084
202,-122.44291666666666,37.77625,71.8687
203,-122.44041666666666,37.77041666666667,119.361855
204,-122.43458333333334,37.78541666666666,44.413948
205,-122.41208333333333,37.78041666666667,17.413706
206,-122.46625,37.78208333333333,57.96424
207,-122.46208333333334,37.77791666666667,61.854874
208,-122.41791666666667,37.78791666666667,54.107437
209,-122.42125,37.77708333333333,22.538157
210,-122.45458333333333,37.779583333333335,95.7779
211,-122.44291666666666,37.79291666666666,107.52626
212,-122.45041666666667,37.78041666666667,97.50926
213,-122.43625,37.79208333333333,76.525246
214,-122.41791666666667,37.77458333333333,15.133794
215,-122.45208333333333,37.78375,74.87338
216,-122.42708333333333,37.77625,33.779804
217,-122.41041666666666,37.79208333333333,73.875984
218,-122.45041666666667,37.77291666666667,81.65316
219,-122.41791666666667,37.78208333333333,25.60638
220,-122.41291666666666,37.77291666666667,12.172289
221,-122.41125,37.78541666666666,24.888569
222,-122.45875,37.772083333333335,76.14758
223,-122.45791666666666,37.77791666666667,75.35445
224,-122.45291666666667,37.79375,40.884754
225,-122.43541666666667,37.77041666666667,60.368984
226,-122.46958333333333,37.772083333333335,73.15578
227,-122.44875,37.79208333333333,90.770775
228,-122.46041666666666,37.77875,63.292118
229,-122.42791666666666,37.79208333333333,114.29643
230,-122.44291666666666,37.78375,60.93067
231,-122.42791666666666,37.78208333333333,36.56346
232,-122.45291666666667,37.78458333333333,83.151436
233,-122.45291666666667,37.77375,86.57111
234,-122.41958333333334,37.78541666666666,41.74789
235,-122.45375,37.79291666666666,44.230614
236,-122.43791666666667,37.775416666666665,61.74022
237,-122.42875,37.79375,93.70481
238,-122.45625,37.77875,83.14006
239,-122.46541666666667,37.79208333333333,98.477585
240,-122.46208333333334,37.78625,60.628605
241,-122.45375,37.78458333333333,77.03509
242,-122.43458333333334,37.79375,85.47252
243,-122.42708333333333,37.78375,57.534897
244,-122.43958333333333,37.775416666666665,66.9693
245,-122.46041666666666,37.78875,77.83553
246,-122.42791666666666,37.79375,91.4603
247,-122.43458333333334,37.77125,53.597282
248,-122.45458333333333,37.775416666666665,103.58856
249,-122.46541666666667,37.77625,69.30058
250,-122.41541666666667,37.775416666666665,17.753983
251,-122.43375,37.77041666666667,50.37157
252,-122.42958333333333,37.78041666666667,30.701914
253,-122.45791666666666,37.77625,75.70436
254,-122.44958333333334,37.78791666666667,91.38573
255,-122.45125,37.78041666666667,102.53964
256,-122.42541666666666,37.78375,58.867264
257,-122.45375,37.787083333333335,79.25171
258,-122.43291666666667,37.79125,82.3514
259,-122.45708333333333,37.79208333333333,56.15753
260,-122.41375,37.77875,14.828969
261,-122.43458333333334,37.78458333333333,41.77622
262,-122.43708333333333,37.772083333333335,63.314682
263,-122.43291666666667,37.77625,73.97415
264,-122.44875,37.78541666666666,95.92131
265,-122.41375,37.78791666666667,52.117626
266,-122.43458333333334,37.78375,43.30684
267,-122.43291666666667,37.78041666666667,38.07944
268,-122.41458333333334,37.77458333333333,15.940597
269,-122.44375,37.78458333333333,59.456406
270,-122.43208333333334,37.77708333333333,56.24197
271,-122.46875,37.79208333333333,65.7908
272,-122.41791666666667,37.790416666666665,69.62587
273,-122.41875,37.77708333333333,22.399704
274,-122.41041666666666,37.77708333333333,13.774767
275,-122.41958333333334,37.77041666666667,11.079664
276,-122.43791666666667,37.787083333333335,47.98086
277,-122.43708333333333,37.78208333333333,44.40181
278,-122.41625,37.79375,108.72025
279,-122.42375,37.787083333333335,63.80939
280,-122.46875,37.77375,76.02819
281,-122.43708333333333,37.78541666666666,48.149002
282,-122.44125,37.77375,65.276955
283,-122.42708333333333,37.77791666666667,28.608572
284,-122.44291666666666,37.79208333333333,96.41076
285,-122.46208333333334,37.78958333333333,86.981514
286,-122.45208333333333,37.779583333333335,128.35551
287,-122.42375,37.78625,60.137726
288,-122.42708333333333,37.79375,87.772606
289,-122.43041666666667,37.77875,32.319164
290,-122.43875,37.79125,83.39055
291,-122.43375,37.78875,59.87146
292,-122.46041666666666,37.782916666666665,62.60847
293,-122.45625,37.772083333333335,83.81897
294,-122.46875,37.77125,74.55585
295,-122.44041666666666,37.78625,49.935734
296,-122.42208333333333,37.79208333333333,64.05089
297,-122.44041666666666,37.78041666666667,73.67135
298,-122.42041666666667,37.79208333333333,68.99457
299,-122.43125,37.787083333333335,53.0311
300,-122.42041666666667,37.78125,30.69161
301,-122.43125,37.790416666666665,90.06885
302,-122.43791666666667,37.772083333333335,69.48385
303,-122.44958333333334,37.779583333333335,99.25181
304,-122.42375,37.78125,33.69678
305,-122.43958333333333,37.78375,48.7451
306,-122.43791666666667,37.77625,64.977234
307,-122.46124999999999,37.77291666666667,78.57198
308,-122.46791666666667,37.782916666666665,60.020298
309,-122.42208333333333,37.77708333333333,25.949827
310,-122.46791666666667,37.77708333333333,71.57899
311,-122.43791666666667,37.77708333333333,68.667046
312,-122.44708333333334,37.78875,86.75001
313,-122.43958333333333,37.790416666666665,71.7966
314,-122.43625,37.78625,50.874886
315,-122.46458333333334,37.787083333333335,62.387474
316,-122.41458333333334,37.78625,43.495106
317,-122.43541666666667,37.79125,68.7593
318,-122.44458333333333,37.77458333333333,72.845566
319,-122.44458333333333,37.787083333333335,64.26063
320,-122.42041666666667,37.79375,71.817116
321,-122.43625,37.78375,42.637592
322,-122.46375,37.78458333333333,58.472908
323,-122.44875,37.787083333333335,87.88613
324,-122.42625,37.77791666666667,27.16089
325,-122.42791666666666,37.77375,55.835835
326,-122.46458333333334,37.77875,60.37355
327,-122.46375,37.78875,69.651436
328,-122.44958333333334,37.77041666666667,87.56148
329,-122.45458333333333,37.77875,96.17507
330,-122.42041666666667,37.77791666666667,24.269665
331,-122.45625,37.787083333333335,84.30667
332,-122.45625,37.78208333333333,67.4473
333,-122.45291666666667,37.787083333333335,82.49695
334,-122.41791666666667,37.78375,33.552464
335,-122.41375,37.787083333333335,46.723522
336,-122.42958333333333,37.77875,33.785408
337,-122.41541666666667,37.78791666666667,61.161133
338,-122.45625,37.790416666666665,81.78551
339,-122.43041666666667,37.78125,31.648209
340,-122.45041666666667,37.779583333333335,105.66705
341,-122.44291666666666,37.77458333333333,71.6627
342,-122.45458333333333,37.77458333333333,95.31488
343,-122.41625,37.77041666666667,10.082581
344,-122.43541666666667,37.78208333333333,39.670418
345,-122.42791666666666,37.78958333333333,88.332184
346,-122.43541666666667,37.78541666666666,46.88091
347,-122.44041666666666,37.78458333333333,50.919884
348,-122.43041666666667,37.77458333333333,67.39607
349,-122.41458333333334,37.78208333333333,24.215534
350,-122.45291666666667,37.790416666666665,75.58302
351,-122.45625,37.79208333333333,50.62671
352,-122.43041666666667,37.78458333333333,45.144165
353,-122.43125,37.77875,36.17851
354,-122.43958333333333,37.77041666666667,106.621254
355,-122.45375,37.78125,77.853424
356,-122.46625,37.787083333333335,57.814552
357,-122.44291666666666,37.77041666666667,97.939224
358,-122.44375,37.78125,99.58716
359,-122.45125,37.79125,71.905785
360,-122.41375,37.78375,31.106037
361,-122.46625,37.79291666666666,96.03154
362,-122.44125,37.78041666666667,81.64279
363,-122.41708333333334,37.77708333333333,16.270578
364,-122.45625,37.79125,75.18181
365,-122.46375,37.77125,87.67445
366,-122.44541666666666,37.78041666666667,104.89056
367,-122.43875,37.772083333333335,77.027435
368,-122.45791666666666,37.78541666666666,65.76766
369,-122.43875,37.77708333333333,64.88462
370,-122.46124999999999,37.77625,67.47646
371,-122.42541666666666,37.77708333333333,27.98637
372,-122.46708333333333,37.790416666666665,60.211597
373,-122.44041666666666,37.78208333333333,63.354877
374,-122.41958333333334,37.77708333333333,22.550955
375,-122.46541666666667,37.78791666666667,62.704826
376,-122.41708333333334,37.78625,47.681236
377,-122.45208333333333,37.78041666666667,106.65875
378,-122.41125,37.78875,54.56482
379,-122.45875,37.77458333333333,81.09434
380,-122.42958333333333,37.78208333333333,35.497852
381,-122.45208333333333,37.79125,67.62062
382,-122.42458333333333,37.78625,68.92373
383,-122.41958333333334,37.779583333333335,18.549429
384,-122.43375,37.78458333333333,41.962955
385,-122.42875,37.78208333333333,36.79982
386,-122.41875,37.77875,22.218721
387,-122.41708333333334,37.78458333333333,32.807796
388,-122.46708333333333,37.78875,65.6714
389,-122.44375,37.775416666666665,72.74729
390,-122.45791666666666,37.78625,70.335815
391,-122.46291666666667,37.77375,80.18631
392,-122.43875,37.78625,49.01825
393,-122.41541666666667,37.77125,9.377453
394,-122.42291666666667,37.77041666666667,17.29386
395,-122.41708333333334,37.790416666666665,72.433914
396,-122.44958333333334,37.78041666666667,92.73497
397,-122.46124999999999,37.77791666666667,62.22382
398,-122.45125,37.78458333333333,87.82826
399,-122.41875,37.779583333333335,18.419817
400,-122.42625,37.78208333333333,39.91165
401,-122.46291666666667,37.787083333333335,61.252785
402,-122.43125,37.78625,49.534172
403,-122.41208333333333,37.77125,11.92755
404,-122.42041666666667,37.78541666666666,39.529488
405,-122.45708333333333,37.782916666666665,67.12469
406,-122.41958333333334,37.77375,16.49031
407,-122.46041666666666,37.78541666666666,61.991116
408,-122.44541666666666,37.77625,72.23849
409,-122.42291666666667,37.790416666666665,63.963963
410,-122.41708333333334,37.78041666666667,22.21554
411,-122.41291666666666,37.78208333333333,25.036707
412,-122.42958333333333,37.787083333333335,59.607452
413,-122.46041666666666,37.79291666666666,88.41616
414,-122.44041666666666,37.78541666666666,55.016426
415,-122.45625,37.77791666666667,83.37204
416,-122.43291666666667,37.779583333333335,41.195045
417,-122.45791666666666,37.787083333333335,79.227875
418,-122.45791666666666,37.79208333333333,70.21673
419,-122.46124999999999,37.78958333333333,88.381775
420,-122.44875,37.78458333333333,103.186264
421,-122.43875,37.790416666666665,71.385735
422,-122.44458333333333,37.77875,86.14063
423,-122.42291666666667,37.79208333333333,67.652565
424,-122.46041666666666,37.78375,61.457268
425,-122.42708333333333,37.790416666666665,94.255936
426,-122.42208333333333,37.78541666666666,58.711792
427,-122.44041666666666,37.790416666666665,74.773384
428,-122.41708333333334,37.78375,34.60187
429,-122.43375,37.79125,73.97721
430,-122.41375,37.79125,84.95899
431,-122.44125,37.79208333333333,93.38015
432,-122.41208333333333,37.77875,17.871252
433,-122.44375,37.78541666666666,57.622852
434,-122.46208333333334,37.77625,67.62464
435,-122.41875,37.79125,68.63031
436,-122.41625,37.77375,13.085204
437,-122.46875,37.77708333333333,72.872925
438,-122.42208333333333,37.77291666666667,20.380611
439,-122.43208333333334,37.77125,45.870808
440,-122.43541666666667,37.79291666666666,81.92994
441,-122.43458333333334,37.790416666666665,62.874218
442,-122.43708333333333,37.775416666666665,66.75247
443,-122.43041666666667,37.77375,66.922935
444,-122.46375,37.79208333333333,100.42813
445,-122.43208333333334,37.77625,66.50551
446,-122.41875,37.782916666666665,28.485147
447,-122.42791666666666,37.78375,53.231674
448,-122.42041666666667,37.782916666666665,35.29342
449,-122.46124999999999,37.77708333333333,64.36314
450,-122.42625,37.790416666666665,93.33152
451,-122.41791666666667,37.78041666666667,17.790096
452,-122.45375,37.78041666666667,95.68952
453,-122.42791666666666,37.79291666666666,108.39374
454,-122.41541666666667,37.78958333333333,76.53307
455,-122.46124999999999,37.779583333333335,61.520008
456,-122.45208333333333,37.78458333333333,86.76149
457,-122.45541666666666,37.78958333333333,91.3999
458,-122.41791666666667,37.78875,61.5458
459,-122.45041666666667,37.78541666666666,95.81335
460,-122.46208333333334,37.775416666666665,69.47297
461,-122.43041666666667,37.77125,45.178696
462,-122.42208333333333,37.775416666666665,19.902142
463,-122.44125,37.78208333333333,68.5686
464,-122.46375,37.79291666666666,109.11385
465,-122.41708333333334,37.78541666666666,37.51049
466,-122.43875,37.78125,56.53092
467,-122.41458333333334,37.787083333333335,48.17185
468,-122.41291666666666,37.77625,15.662848
469,-122.43125,37.772083333333335,51.05274
470,-122.42458333333333,37.77625,21.823792
471,-122.44291666666666,37.78875,65.86083
472,-122.42958333333333,37.78458333333333,46.476143
473,-122.44041666666666,37.772083333333335,81.11119
474,-122.43041666666667,37.79208333333333,104.61281
475,-122.45625,37.78458333333333,66.96586
476,-122.45125,37.78958333333333,90.249756
477,-122.43375,37.78541666666666,43.010803
478,-122.45291666666667,37.78958333333333,87.125
479,-122.42791666666666,37.77791666666667,29.009666
480,-122.45625,37.78125,72.58406
481,-122.44291666666666,37.78791666666667,60.28209
482,-122.43958333333333,37.78958333333333,66.80071
483,-122.45291666666667,37.78375,72.717865
484,-122.42041666666667,37.77875,20.151552
485,-122.42541666666666,37.78625,65.45943
486,-122.45458333333333,37.78791666666667,87.08684
487,-122.42208333333333,37.77125,16.354025
488,-122.42208333333333,37.79291666666666,63.144497
489,-122.44625,37.77458333333333,75.77392
490,-122.46958333333333,37.77791666666667,71.062035
491,-122.44208333333333,37.79291666666666,104.83935
492,-122.41041666666666,37.779583333333335,14.815558
493,-122.42875,37.78375,47.03026
494,-122.42958333333333,37.78541666666666,48.624123
495,-122.42458333333333,37.782916666666665,45.583378
496,-122.45041666666667,37.79208333333333,69.56173
497,-122.43291666666667,37.78625,45.157818
498,-122.41458333333334,37.77875,18.306122
499,-122.45375,37.78375,69.97818
500,-122.46458333333334,37.78541666666666,56.269234
501,-122.44125,37.77458333333333,69.562355
502,-122.42708333333333,37.78541666666666,64.95651
503,-122.46291666666667,37.78958333333333,81.864525
504,-122.46375,37.79375,122.552795
505,-122.45875,37.79291666666666,75.623085
506,-122.42208333333333,37.78041666666667,28.60924
507,-122.43125,37.78958333333333,83.82278
508,-122.42791666666666,37.787083333333335,66.762115
509,-122.43791666666667,37.77125,75.13386
510,-122.46875,37.79291666666666,79.08891
511,-122.42625,37.772083333333335,37.671227
512,-122.41791666666667,37.772083333333335,12.05474
513,-122.42958333333333,37.78375,43.156487
514,-122.43875,37.77625,64.37844
515,-122.41791666666667,37.775416666666665,12.346856
516,-122.42291666666667,37.77125,18.813848
517,-122.41208333333333,37.782916666666665,25.300123
518,-122.45541666666666,37.77041666666667,78.8806
519,-122.43208333333334,37.78958333333333,77.69717
520,-122.41625,37.78541666666666,40.83437
521,-122.44708333333334,37.77291666666667,75.01479
522,-122.41208333333333,37.78541666666666,25.869844
523,-122.46124999999999,37.77041666666667,79.23706
524,-122.44958333333334,37.772083333333335,81.56848
525,-122.46291666666667,37.77125,84.72224
526,-122.41625,37.78458333333333,33.706757
527,-122.43625,37.78041666666667,43.901985
528,-122.41375,37.78125,18.458918
529,-122.44375,37.78791666666667,63.573032
530,-122.42291666666667,37.77708333333333,25.188065
531,-122.45541666666666,37.79375,28.954771
532,-122.42541666666666,37.78041666666667,28.418781
533,-122.45708333333333,37.77125,76.639656
534,-122.43791666666667,37.78625,46.772366
535,-122.43708333333333,37.77625,70.998375
536,-122.43375,37.77291666666667,55.59835
537,-122.44625,37.77791666666667,80.40517
538,-122.42791666666666,37.78541666666666,59.944115
539,-122.45541666666666,37.77125,75.93284
540,-122.46208333333334,37.78041666666667,58.71014
541,-122.42208333333333,37.78958333333333,61.387215
542,-122.46875,37.772083333333335,74.759026
543,-122.44208333333333,37.78541666666666,51.755123
544,-122.44875,37.77708333333333,85.96125
545,-122.43708333333333,37.78625,48.024433
546,-122.44958333333334,37.77708333333333,98.153786
547,-122.46875,37.78375,58.985954
548,-122.46791666666667,37.78791666666667,60.11067
549,-122.42458333333333,37.78541666666666,63.5439
550,-122.46458333333334,37.78375,60.91266
551,-122.44541666666666,37.78375,74.34717
552,-122.43958333333333,37.77791666666667,73.59125
553,-122.41708333333334,37.77458333333333,14.908767
554,-122.44125,37.77875,83.65273
555,-122.42041666666667,37.78958333333333,54.557335
556,-122.46541666666667,37.77875,59.92813
557,-122.45041666666667,37.77791666666667,99.00344
558,-122.42041666666667,37.790416666666665,55.195942
559,-122.41291666666666,37.790416666666665,66.83002
560,-122.45375,37.77791666666667,98.58253
561,-122.43458333333334,37.78875,56.31412
562,-122.41208333333333,37.787083333333335,41.20056
563,-122.42458333333333,37.787083333333335,72.47329
564,-122.43041666666667,37.78791666666667,61.94592
565,-122.46791666666667,37.77291666666667,74.186005
566,-122.45708333333333,37.78041666666667,72.57969
567,-122.43625,37.775416666666665,69.28839
568,-122.41791666666667,37.77041666666667,9.049468
569,-122.43958333333333,37.787083333333335,50.557922
570,-122.41875,37.79375,82.35133
571,-122.45458333333333,37.77291666666667,86.155655
572,-122.44458333333333,37.78791666666667,68.52123
573,-122.42375,37.78375,58.09444
574,-122.43458333333334,37.77791666666667,59.46497
575,-122.46291666666667,37.77291666666667,83.66152
576,-122.46875,37.77875,66.62193
577,-122.44625,37.787083333333335,74.625984
578,-122.43625,37.79291666666666,79.73564
579,-122.44791666666667,37.79291666666666,102.97097
580,-122.45291666666667,37.77708333333333,105.93876
581,-122.44708333333334,37.787083333333335,80.61046
582,-122.46625,37.77291666666667,77.285515
583,-122.46958333333333,37.78541666666666,53.29959
584,-122.44541666666666,37.77708333333333,74.05338
585,-122.45791666666666,37.77125,79.64037
586,-122.46708333333333,37.77291666666667,75.04673
587,-122.45625,37.77291666666667,87.77322
588,-122.41958333333334,37.78125,32.302937
589,-122.43791666666667,37.77791666666667,72.63589
590,-122.46458333333334,37.78125,58.24042
591,-122.46541666666667,37.790416666666665,70.48384
592,-122.46958333333333,37.77875,66.225586
593,-122.45708333333333,37.77291666666667,90.68277
594,-122.41625,37.78375,29.535536
595,-122.43208333333334,37.78875,71.78172
596,-122.45958333333333,37.77041666666667,73.46727
597,-122.46375,37.782916666666665,58.12943
598,-122.46958333333333,37.77125,77.651665
599,-122.43291666666667,37.77041666666667,47.782158
600,-122.42791666666666,37.78041666666667,30.87657
601,-122.41958333333334,37.790416666666665,60.475555
602,-122.43875,37.78375,49.940643
603,-122.45958333333333,37.77291666666667,76.01888
604,-122.43041666666667,37.79291666666666,99.21353
605,-122.41958333333334,37.78375,36.09603
606,-122.43458333333334,37.772083333333335,53.61299
607,-122.45791666666666,37.77291666666667,82.3694
608,-122.41791666666667,37.79208333333333,80.809235
609,-122.44375,37.78625,60.76923
610,-122.43458333333334,37.775416666666665,82.84105
611,-122.43791666666667,37.78791666666667,50.43842
612,-122.44625,37.78875,81.63031
613,-122.43125,37.77708333333333,50.82705
614,-122.42375,37.78041666666667,28.984648
615,-122.41708333333334,37.78958333333333,75.4094
616,-122.45958333333333,37.78458333333333,63.154736
617,-122.46208333333334,37.78125,57.505627
618,-122.42708333333333,37.78958333333333,89.475
619,-122.43791666666667,37.78958333333333,62.59323
620,-122.46375,37.779583333333335,57.790104
621,-122.46791666666667,37.78458333333333,57.561188
622,-122.41208333333333,37.78791666666667,45.573765
623,-122.41791666666667,37.79291666666666,89.61889
624,-122.46625,37.77791666666667,63.208294
625,-122.41125,37.77791666666667,13.917227
626,-122.43291666666667,37.790416666666665,78.21407
627,-122.43208333333334,37.779583333333335,36.38329
628,-122.46541666666667,37.77791666666667,61.301975
629,-122.45458333333333,37.77708333333333,95.943726
630,-122.45791666666666,37.779583333333335,67.78029
631,-122.45875,37.78208333333333,65.1496
632,-122.43541666666667,37.77125,55.171833
633,-122.43791666666667,37.790416666666665,69.99736
634,-122.43958333333333,37.78208333333333,54.516403
635,-122.42958333333333,37.77125,47.611862
636,-122.42541666666666,37.78875,75.72664
637,-122.44708333333334,37.79208333333333,114.46738
638,-122.46541666666667,37.79375,113.79619
639,-122.44458333333333,37.77375,72.62328
640,-122.41708333333334,37.79291666666666,97.66672
641,-122.41458333333334,37.78791666666667,51.746605
642,-122.42958333333333,37.78875,71.88851
643,-122.46958333333333,37.782916666666665,59.638878
644,-122.43041666666667,37.775416666666665,62.918434
645,-122.45291666666667,37.79125,63.361008
646,-122.43458333333334,37.78208333333333,39.790276
647,-122.44708333333334,37.78541666666666,78.14145
648,-122.42625,37.77125,42.64427
649,-122.44958333333334,37.77791666666667,93.008705
650,-122.44541666666666,37.79291666666666,113.44681
651,-122.42541666666666,37.79375,81.15947
652,-122.44208333333333,37.779583333333335,88.60061
653,-122.46291666666667,37.79208333333333,100.47046
654,-122.43958333333333,37.772083333333335,81.09188
655,-122.43625,37.79125,68.24253
656,-122.45041666666667,37.78625,89.71347
657,-122.41375,37.78041666666667,14.954275
658,-122.46124999999999,37.77875,61.730175
659,-122.45125,37.77791666666667,105.15408
660,-122.46291666666667,37.78458333333333,58.240746
661,-122.44208333333333,37.790416666666665,76.53579
662,-122.43041666666667,37.779583333333335,31.263382
663,-122.45875,37.787083333333335,75.50909
664,-122.44541666666666,37.782916666666665,81.94495
665,-122.42208333333333,37.79375,65.71713
666,-122.44625,37.77875,87.036766
667,-122.42458333333333,37.78125,30.658976
668,-122.41041666666666,37.78125,16.251385
669,-122.43041666666667,37.79125,102.042145
670,-122.44458333333333,37.77791666666667,77.42791
671,-122.44541666666666,37.77041666666667,90.265274
672,-122.46625,37.775416666666665,72.2461
673,-122.41541666666667,37.790416666666665,82.223625
674,-122.46958333333333,37.78208333333333,55.978653
675,-122.42291666666667,37.79375,65.08668
676,-122.46791666666667,37.78625,56.70081
677,-122.46124999999999,37.79208333333333,105.395966
678,-122.46708333333333,37.78625,55.64328
679,-122.41875,37.790416666666665,63.73336
680,-122.41458333333334,37.77791666666667,25.57514
681,-122.46291666666667,37.79291666666666,111.5539
682,-122.45125,37.78875,94.215164
683,-122.41291666666666,37.79125,79.272446
684,-122.46791666666667,37.78125,55.543453
685,-122.43625,37.78458333333333,43.09416
686,-122.43958333333333,37.77625,67.78195
687,-122.44041666666666,37.775416666666665,67.84285
688,-122.42125,37.79208333333333,60.971817
689,-122.46958333333333,37.78375,58.39627
690,-122.46458333333334,37.79208333333333,104.99389
691,-122.45708333333333,37.78625,72.85092
692,-122.44125,37.772083333333335,83.80991
693,-122.41291666666666,37.79291666666666,93.321945
694,-122.43708333333333,37.79375,74.50599
695,-122.45791666666666,37.78458333333333,63.104874
696,-122.42458333333333,37.77791666666667,24.529697
697,-122.44708333333334,37.77458333333333,77.948364
698,-122.44958333333334,37.79208333333333,76.19228
699,-122.42458333333333,37.77875,28.158422
700,-122.45958333333333,37.782916666666665,65.27746
701,-122.41458333333334,37.78125,22.566442
702,-122.45375,37.779583333333335,109.80161
703,-122.43875,37.77875,68.610054
704,-122.44125,37.790416666666665,73.565094
705,-122.43625,37.779583333333335,52.783295
706,-122.41625,37.78791666666667,58.33816
707,-122.44875,37.77125,83.7844
708,-122.41125,37.787083333333335,39.09715
709,-122.46291666666667,37.77041666666667,83.105774
710,-122.45708333333333,37.77375,87.49852
711,-122.44875,37.78125,87.231544
712,-122.46958333333333,37.78125,55.55289
713,-122.46375,37.78208333333333,55.75155
714,-122.41458333333334,37.79375,104.68286
715,-122.45375,37.78791666666667,86.81526
716,-122.44791666666667,37.787083333333335,91.241066
717,-122.42625,37.79291666666666,94.94549
718,-122.44791666666667,37.77791666666667,84.03811
719,-122.45958333333333,37.78791666666667,73.93143
720,-122.46875,37.78958333333333,56.35027
721,-122.46625,37.79375,105.42925
722,-122.45458333333333,37.77791666666667,93.98343
723,-122.43208333333334,37.772083333333335,50.006306
724,-122.43708333333333,37.77291666666667,61.060658
725,-122.45791666666666,37.772083333333335,75.21812
726,-122.45125,37.78541666666666,91.348816
727,-122.42875,37.77458333333333,56.414345
728,-122.45958333333333,37.79208333333333,89.70935
729,-122.43125,37.78875,72.93893
730,-122.46458333333334,37.77625,68.23866
731,-122.42541666666666,37.77125,35.948795
732,-122.43625,37.77041666666667,71.73344
733,-122.42875,37.78541666666666,54.497616
734,-122.42958333333333,37.79208333333333,106.335495
735,-122.46458333333334,37.790416666666665,71.45063
736,-122.45875,37.78958333333333,88.14254
737,-122.43791666666667,37.78875,55.374775
738,-122.44291666666666,37.78041666666667,98.761406
739,-122.45708333333333,37.79375,45.28165
740,-122.46708333333333,37.77625,71.77249
741,-122.41625,37.77291666666667,12.297912
742,-122.45625,37.779583333333335,80.401405
743,-122.46124999999999,37.772083333333335,74.89979
744,-122.41625,37.77625,20.121473
745,-122.45708333333333,37.78375,65.41994
746,-122.46291666666667,37.772083333333335,80.42779
747,-122.44541666666666,37.775416666666665,73.68986
748,-122.41375,37.77041666666667,6.979855
749,-122.41541666666667,37.77791666666667,18.435913
750,-122.44291666666666,37.77375,71.17674
751,-122.42291666666667,37.779583333333335,24.917122
752,-122.41375,37.79291666666666,102.022705
753,-122.41291666666666,37.782916666666665,28.777838
754,-122.45791666666666,37.775416666666665,80.75602
755,-122.46625,37.78041666666667,57.447533
756,-122.46375,37.772083333333335,83.12748
757,-122.46875,37.787083333333335,55.880497
758,-122.44625,37.782916666666665,87.91677
759,-122.43625,37.782916666666665,42.35459
760,-122.44375,37.77708333333333,72.03263
761,-122.43791666666667,37.77291666666667,63.13039
762,-122.46291666666667,37.78375,59.197407
763,-122.43291666666667,37.782916666666665,44.120304
764,-122.45208333333333,37.79291666666666,56.721695
765,-122.41041666666666,37.77625,13.8916855
766,-122.42291666666667,37.78875,71.548325
767,-122.43291666666667,37.78458333333333,43.97318
768,-122.41875,37.78958333333333,58.74819
769,-122.44458333333333,37.77291666666667,74.82287
770,-122.44375,37.77791666666667,76.48761
771,-122.43958333333333,37.79375,79.6673
772,-122.41458333333334,37.78541666666666,37.33354
773,-122.43875,37.77041666666667,97.80412
774,-122.42041666666667,37.77375,16.210283
775,-122.42875,37.79208333333333,107.80848
776,-122.41458333333334,37.77041666666667,10.215344
777,-122.46208333333334,37.79208333333333,105.77196
778,-122.41791666666667,37.78958333333333,69.15677
779,-122.41791666666667,37.77708333333333,14.365706
780,-122.42875,37.78958333333333,87.82002
781,-122.42708333333333,37.79291666666666,97.977135
782,-122.41541666666667,37.782916666666665,24.152695
783,-122.44708333333334,37.78791666666667,82.64545
784,-122.41708333333334,37.78791666666667,53.88049
785,-122.41375,37.78625,41.053513
786,-122.44708333333334,37.78125,94.03257
787,-122.41875,37.78208333333333,24.954195
788,-122.41041666666666,37.77458333333333,10.815091
789,-122.41291666666666,37.77125,11.051614
790,-122.42208333333333,37.79125,63.64957
791,-122.42291666666667,37.78958333333333,61.365093
792,-122.41958333333334,37.782916666666665,35.572433
793,-122.43791666666667,37.779583333333335,59.249557
794,-122.42125,37.79125,57.53858
795,-122.41458333333334,37.782916666666665,25.231142
796,-122.43875,37.78541666666666,50.784653
797,-122.46875,37.78125,55.665756
798,-122.45875,37.78125,67.631294
799,-122.44125,37.79125,85.245544
800,-122.44708333333334,37.78375,88.10354
801,-122.46541666666667,37.77458333333333,74.44568
802,-122.45958333333333,37.775416666666665,74.470474
803,-122.41625,37.772083333333335,15.373284
804,-122.42125,37.78541666666666,43.739155
805,-122.43625,37.790416666666665,63.34697
806,-122.41625,37.79125,86.18232
807,-122.46708333333333,37.78958333333333,65.51071
808,-122.45375,37.790416666666665,76.581924
809,-122.45958333333333,37.78958333333333,86.558815
810,-122.45208333333333,37.78125,78.254326
811,-122.45375,37.78541666666666,79.12792
812,-122.43875,37.779583333333335,63.2845
813,-122.43291666666667,37.79375,87.16517
814,-122.42375,37.77375,26.651955
815,-122.45458333333333,37.78958333333333,90.35905
816,-122.44125,37.77125,91.48311
817,-122.41125,37.77625,12.884099
818,-122.46875,37.78208333333333,55.96904
819,-122.46708333333333,37.782916666666665,58.651142
820,-122.45875,37.775416666666665,76.123795
821,-122.41625,37.790416666666665,81.213455
822,-122.41291666666666,37.77791666666667,16.788012
823,-122.46791666666667,37.77375,72.09475
824,-122.41541666666667,37.79208333333333,100.008865
825,-122.46124999999999,37.775416666666665,70.44533
826,-122.46375,37.77625,68.584
827,-122.46291666666667,37.775416666666665,70.082146
828,-122.46958333333333,37.775416666666665,71.125
829,-122.41875,37.77375,14.702937
830,-122.46625,37.78541666666666,56.02904
831,-122.43208333333334,37.782916666666665,41.967354
832,-122.46124999999999,37.78208333333333,59.57587
833,-122.46208333333334,37.78541666666666,58.65509
834,-122.42208333333333,37.77625,21.24095
835,-122.42958333333333,37.77625,45.45926
836,-122.44541666666666,37.77875,85.50038
837,-122.46208333333334,37.78875,76.48633
838,-122.45708333333333,37.77625,79.96811
839,-122.46375,37.78791666666667,63.67266
840,-122.41291666666666,37.78541666666666,33.486546
841,-122.41875,37.78875,55.37579
842,-122.43625,37.77125,60.868683
843,-122.43541666666667,37.78791666666667,53.76181
844,-122.41708333333334,37.79208333333333,87.44379
845,-122.45541666666666,37.77458333333333,101.06247
846,-122.41875,37.77041666666667,10.014385
847,-122.43708333333333,37.78958333333333,60.617203
848,-122.45041666666667,37.78875,96.21908
849,-122.44208333333333,37.78458333333333,52.7735
850,-122.41625,37.78041666666667,20.888597
851,-122.46041666666666,37.77125,80.28398
852,-122.41125,37.79375,83.157585
853,-122.44375,37.77875,84.26046
854,-122.44791666666667,37.78041666666667,91.71288
855,-122.45958333333333,37.78375,63.666897
856,-122.44208333333333,37.772083333333335,85.25843
857,-122.42041666666667,37.775416666666665,17.595413
858,-122.44375,37.79208333333333,99.18523
859,-122.42041666666667,37.78625,50.01448
860,-122.45791666666666,37.78041666666667,70.38491
861,-122.43458333333334,37.77875,58.381416
862,-122.43875,37.77291666666667,71.092445
863,-122.46375,37.77041666666667,84.516
864,-122.46958333333333,37.79125,55.27299
865,-122.42958333333333,37.782916666666665,37.03657
866,-122.42041666666667,37.78041666666667,23.399853
867,-122.46041666666666,37.77791666666667,64.97716
868,-122.46625,37.78791666666667,59.99812
869,-122.41458333333334,37.779583333333335,16.69927
870,-122.44291666666666,37.77791666666667,77.39664
871,-122.46958333333333,37.779583333333335,62.519295
872,-122.43708333333333,37.77875,63.054977
873,-122.45208333333333,37.79208333333333,59.48988
874,-122.45208333333333,37.77708333333333,111.06622
875,-122.43958333333333,37.79125,81.21679
876,-122.41291666666666,37.77875,14.9215555
877,-122.46791666666667,37.787083333333335,56.7551
878,-122.46208333333334,37.79125,96.31232
879,-122.45541666666666,37.78041666666667,82.119385
880,-122.44541666666666,37.78875,75.90413
881,-122.44458333333333,37.79125,93.95986
882,-122.43458333333334,37.77625,82.09258
883,-122.44291666666666,37.77291666666667,71.9992
884,-122.42125,37.78875,55.80975
885,-122.45708333333333,37.79291666666666,53.124405
886,-122.46208333333334,37.77875,60.384163
887,-122.41708333333334,37.77791666666667,19.650095
888,-122.43291666666667,37.77708333333333,62.26523
889,-122.43625,37.77291666666667,56.827297
890,-122.42291666666667,37.78208333333333,37.535492
891,-122.41041666666666,37.78875,41.060333
892,-122.45291666666667,37.78125,79.07048
893,-122.44625,37.79208333333333,114.80526
894,-122.46291666666667,37.78208333333333,56.243145
895,-122.42958333333333,37.790416666666665,96.06615
896,-122.45458333333333,37.79375,40.255337
897,-122.41041666666666,37.78458333333333,19.829796
898,-122.41125,37.77875,13.570059
899,-122.45458333333333,37.79125,61.24265
900,-122.43625,37.787083333333335,50.54277
901,-122.44458333333333,37.78458333333333,64.70148
902,-122.42291666666667,37.77458333333333,22.662426
903,-122.41041666666666,37.78208333333333,21.605034
904,-122.42958333333333,37.77291666666667,58.66087
905,-122.45708333333333,37.78541666666666,66.17318
906,-122.43625,37.77458333333333,61.83779
907,-122.46625,37.790416666666665,69.5146
908,-122.45541666666666,37.78375,69.41765
909,-122.45958333333333,37.78541666666666,63.398342
910,-122.44375,37.79291666666666,108.54279
911,-122.41041666666666,37.79375,76.27641
912,-122.43958333333333,37.78625,53.772655
913,-122.44708333333334,37.79125,107.57962
914,-122.42625,37.78875,78.819466
915,-122.43791666666667,37.782916666666665,47.433197
916,-122.44291666666666,37.77875,83.580956
917,-122.45208333333333,37.77458333333333,91.32641
918,-122.42541666666666,37.77625,27.188572
919,-122.45291666666667,37.772083333333335,79.9201
920,-122.42041666666667,37.77291666666667,18.7083
921,-122.41958333333334,37.79375,75.52359
922,-122.43625,37.78541666666666,46.95909
923,-122.45958333333333,37.787083333333335,70.54813
924,-122.46541666666667,37.78875,70.32131
925,-122.46541666666667,37.78541666666666,56.127506
926,-122.46541666666667,37.78041666666667,58.701412
927,-122.44291666666666,37.775416666666665,72.462746
928,-122.42458333333333,37.77458333333333,24.190554
929,-122.44541666666666,37.779583333333335,97.68725
930,-122.44125,37.78791666666667,56.261475
931,-122.45541666666666,37.79125,63.11714
932,-122.43375,37.775416666666665,80.8805
933,-122.45541666666666,37.78791666666667,87.698166
934,-122.41458333333334,37.79208333333333,98.0377
935,-122.41041666666666,37.77375,9.952518
936,-122.43375,37.78041666666667,35.884842
937,-122.45125,37.775416666666665,98.67303
938,-122.44291666666666,37.77708333333333,72.94692
939,-122.42458333333333,37.779583333333335,25.4599
940,-122.42541666666666,37.775416666666665,26.07816
941,-122.41958333333334,37.78208333333333,28.239428
942,-122.42208333333333,37.77375,22.28715
943,-122.41125,37.78791666666667,42.978134
944,-122.46208333333334,37.77125,77.921104
945,-122.44375,37.78208333333333,90.4236
946,-122.45291666666667,37.77458333333333,96.883705
947,-122.45708333333333,37.787083333333335,85.76241
948,-122.46375,37.79125,89.00331
949,-122.43208333333334,37.78125,35.75937
950,-122.41458333333334,37.79125,89.63441
951,-122.46458333333334,37.775416666666665,71.973434
952,-122.45708333333333,37.772083333333335,80.418526
953,-122.41708333333334,37.779583333333335,18.086224
954,-122.41458333333334,37.77291666666667,12.070725
955,-122.45541666666666,37.78541666666666,72.46157
956,-122.44291666666666,37.779583333333335,91.73353
957,-122.44791666666667,37.77291666666667,77.51649
958,-122.41875,37.787083333333335,42.355545
959,-122.43958333333333,37.77291666666667,75.067535
960,-122.46124999999999,37.77125,79.876465
961,-122.42208333333333,37.772083333333335,17.479443
962,-122.43958333333333,37.78875,55.019077
963,-122.44458333333333,37.77041666666667,91.12983
964,-122.44875,37.78375,92.35299
965,-122.45625,37.78791666666667,89.90469
966,-122.45625,37.775416666666665,90.28683
967,-122.41375,37.779583333333335,22.355446
968,-122.42791666666666,37.78791666666667,71.51861
969,-122.46291666666667,37.77458333333333,73.20154
970,-122.45791666666666,37.77708333333333,74.538445
971,-122.43125,37.78458333333333,42.217575
972,-122.44958333333334,37.77458333333333,84.73181
973,-122.44041666666666,37.79375,87.22122
974,-122.44625,37.78791666666667,77.16675
975,-122.42125,37.782916666666665,39.375748
976,-122.42041666666667,37.787083333333335,48.772346
977,-122.46124999999999,37.77458333333333,73.28391
978,-122.46541666666667,37.77041666666667,79.33713
979,-122.44625,37.772083333333335,77.256424
980,-122.45875,37.77708333333333,71.40639
981,-122.42125,37.79291666666666,62.282776
982,-122.41791666666667,37.78125,21.06377
983,-122.43458333333334,37.77375,60.509445
984,-122.42625,37.78541666666666,64.8454
985,-122.41375,37.77125,8.955635
986,-122.43208333333334,37.775416666666665,74.092
987,-122.46791666666667,37.779583333333335,59.08918
988,-122.45708333333333,37.78458333333333,63.87849
989,-122.43375,37.78958333333333,62.81104
990,-122.42541666666666,37.78208333333333,37.31826
991,-122.46458333333334,37.78958333333333,67.03233
992,-122.41208333333333,37.77291666666667,13.009011
993,-122.46541666666667,37.77375,77.82711
994,-122.44041666666666,37.79291666666666,97.01464
995,-122.46041666666666,37.779583333333335,63.363125
996,-122.42208333333333,37.787083333333335,55.913612
997,-122.43875,37.775416666666665,65.14836
998,-122.41041666666666,37.78958333333333,48.355442
999,-122.42875,37.782916666666665,40.734352
1000,-122.42458333333333,37.78875,70.19398
1001,-122.46041666666666,37.77375,75.63897
1002,-122.42125,37.77375,18.446735
1003,-122.46791666666667,37.77791666666667,69.85296
1004,-122.43791666666667,37.78208333333333,46.304497
1005,-122.43125,37.77125,46.6273
1006,-122.43458333333334,37.77458333333333,70.856316
1007,-122.45625,37.77375,91.310135
1008,-122.41375,37.77791666666667,17.780653
1009,-122.46041666666666,37.79208333333333,98.06584
1010,-122.42708333333333,37.779583333333335,27.861513
1011,-122.45541666666666,37.779583333333335,87.58686
1012,-122.46875,37.78458333333333,56.012585
1013,-122.41291666666666,37.78041666666667,15.5627985
1014,-122.43291666666667,37.77458333333333,76.69743
1015,-122.42125,37.790416666666665,57.15787
1016,-122.41708333333334,37.775416666666665,13.2057495
1017,-122.45625,37.79291666666666,37.301353
1018,-122.43291666666667,37.77291666666667,57.567715
1019,-122.46708333333333,37.77875,61.38314
1020,-122.42958333333333,37.775416666666665,56.072216
1021,-122.42291666666667,37.77791666666667,26.974215
1022,-122.46791666666667,37.79125,69.32299
1023,-122.41041666666666,37.78041666666667,17.166533
1024,-122.44625,37.78125,96.859024
1025,-122.42208333333333,37.77791666666667,23.70973
1026,-122.42708333333333,37.78625,63.72513
1027,-122.46375,37.787083333333335,62.818295
1028,-122.42958333333333,37.77041666666667,40.509087
1029,-122.41541666666667,37.779583333333335,20.572538
1030,-122.43125,37.78541666666666,45.03437
1031,-122.46791666666667,37.78958333333333,52.976562
1032,-122.45125,37.78375,82.233185
1033,-122.43708333333333,37.790416666666665,66.74298
1034,-122.41875,37.78625,43.33521
1035,-122.44541666666666,37.77375,74.22806
1036,-122.44958333333334,37.78458333333333,104.841675
1037,-122.46541666666667,37.78958333333333,65.03558
1038,-122.46291666666667,37.78875,71.79748
1039,-122.44958333333334,37.78541666666666,96.93976
1040,-122.44208333333333,37.787083333333335,55.550507
1041,-122.46625,37.78958333333333,69.15368
1042,-122.43291666666667,37.787083333333335,53.009335
1043,-122.42625,37.79375,88.449295
1044,-122.44458333333333,37.78875,71.53775
1045,-122.45791666666666,37.782916666666665,64.83049
1046,-122.41208333333333,37.77458333333333,13.808285
1047,-122.42708333333333,37.78125,32.361397
1048,-122.42958333333333,37.78625,53.147717
1049,-122.46041666666666,37.77625,67.99819
1050,-122.41541666666667,37.77041666666667,10.178367
1051,-122.43458333333334,37.77291666666667,55.7355
1052,-122.46458333333334,37.79375,119.52578
1053,-122.46375,37.77291666666667,79.885414
1054,-122.44458333333333,37.782916666666665,76.53756
1055,-122.43541666666667,37.790416666666665,65.04074
1056,-122.43125,37.78041666666667,33.1909
1057,-122.45625,37.77625,85.37665
1058,-122.45541666666666,37.77875,88.8263
1059,-122.46625,37.782916666666665,58.911594
1060,-122.46041666666666,37.790416666666665,91.622185
1061,-122.45458333333333,37.79208333333333,51.1316
1062,-122.42208333333333,37.78875,61.99279
1063,-122.43125,37.79125,96.92153
1064,-122.42041666666667,37.77458333333333,15.872295
1065,-122.45541666666666,37.787083333333335,80.68397
1066,-122.46041666666666,37.78041666666667,62.749424
1067,-122.44041666666666,37.77875,81.50126
1068,-122.41458333333334,37.790416666666665,78.91295
1069,-122.41958333333334,37.78958333333333,56.06214
1070,-122.45125,37.787083333333335,86.08781
1071,-122.41625,37.77458333333333,14.784352
1072,-122.46208333333334,37.77291666666667,85.01529
1073,-122.42458333333333,37.77375,30.817036
1074,-122.45041666666667,37.775416666666665,92.10872
1075,-122.43791666666667,37.78541666666666,50.250637
1076,-122.41541666666667,37.77625,19.267073
1077,-122.46708333333333,37.78125,56.45601
1078,-122.46791666666667,37.77458333333333,72.88565
1079,-122.42541666666666,37.787083333333335,75.11465
1080,-122.45375,37.79125,61.55813
1081,-122.42291666666667,37.77291666666667,20.669031
1082,-122.44625,37.77041666666667,88.4901
1083,-122.46041666666666,37.78791666666667,72.09201
1084,-122.41708333333334,37.77125,10.015429
1085,-122.44291666666666,37.78625,57.894756
1086,-122.42208333333333,37.78208333333333,35.348824
1087,-122.45791666666666,37.78875,88.125374
1088,-122.43625,37.78125,40.86782
1089,-122.43875,37.77458333333333,63.27016
1090,-122.41625,37.78208333333333,27.395699
1091,-122.46458333333334,37.77708333333333,63.783443
1092,-122.46958333333333,37.77625,72.13047
1093,-122.44208333333333,37.77791666666667,76.0249
1094,-122.46708333333333,37.775416666666665,73.002625
1095,-122.45625,37.77708333333333,82.719986
1096,-122.42458333333333,37.78791666666667,71.98875
1097,-122.42958333333333,37.77458333333333,62.10292
1098,-122.43875,37.77375,66.58548
1099,-122.45208333333333,37.782916666666665,74.82452
1100,-122.46208333333334,37.77375,81.18612
1101,-122.41625,37.787083333333335,52.42365
1102,-122.41291666666666,37.78875,53.592403
1103,-122.43125,37.775416666666665,67.3548
1104,-122.43791666666667,37.79208333333333,89.03162
1105,-122.41375,37.775416666666665,17.80859
1106,-122.45375,37.77291666666667,86.50778
1107,-122.45958333333333,37.772083333333335,74.61357
1108,-122.45958333333333,37.779583333333335,66.465675
1109,-122.46791666666667,37.77875,63.31364
1110,-122.46625,37.79208333333333,91.44954
1111,-122.45125,37.77125,85.71416
1112,-122.46708333333333,37.78458333333333,56.833214
1113,-122.46708333333333,37.79208333333333,85.16708
1114,-122.43625,37.772083333333335,57.43277
1115,-122.44375,37.79375,99.204956
1116,-122.43208333333334,37.79291666666666,89.55031
1117,-122.44625,37.77375,73.53528
1118,-122.41375,37.790416666666665,76.4168
1119,-122.46708333333333,37.787083333333335,57.581013
1120,-122.42958333333333,37.77708333333333,41.091534
1121,-122.45875,37.78791666666667,78.668144
1122,-122.43958333333333,37.77458333333333,64.852104
1123,-122.44791666666667,37.78458333333333,94.65941
1124,-122.46625,37.78875,67.22252
1125,-122.41958333333334,37.77791666666667,20.472992
1126,-122.43541666666667,37.77875,61.928493
1127,-122.44208333333333,37.79125,84.79551
1128,-122.43958333333333,37.77708333333333,67.916245
1129,-122.45458333333333,37.79291666666666,43.23517
1130,-122.42291666666667,37.78541666666666,59.266
1131,-122.44625,37.78458333333333,76.75938
1132,-122.44041666666666,37.77625,69.60602
1133,-122.43875,37.79375,71.9755
1134,-122.42208333333333,37.77041666666667,13.457367
1135,-122.41541666666667,37.772083333333335,12.296198
1136,-122.44291666666666,37.790416666666665,78.0148
1137,-122.45708333333333,37.78875,92.708954
1138,-122.45708333333333,37.77458333333333,91.253815
1139,-122.46375,37.78041666666667,58.2664
1140,-122.46875,37.775416666666665,71.96139
1141,-122.41208333333333,37.790416666666665,67.74754
1142,-122.44125,37.782916666666665,65.98695
1143,-122.45541666666666,37.78458333333333,70.51967
1144,-122.46375,37.77375,76.07424
1145,-122.44375,37.77458333333333,73.77016
1146,-122.45791666666666,37.77458333333333,88.67585
1147,-122.46708333333333,37.79375,99.387825
1148,-122.44375,37.77375,72.61684
1149,-122.41208333333333,37.79208333333333,88.06695
1150,-122.44041666666666,37.79125,85.188934
1151,-122.42708333333333,37.787083333333335,71.33386
1152,-122.42041666666667,37.772083333333335,19.248554
1153,-122.45125,37.77875,108.19605
1154,-122.46291666666667,37.78541666666666,57.035103
1155,-122.41958333333334,37.77458333333333,15.717735
1156,-122.45791666666666,37.78791666666667,84.1598
1157,-122.46208333333334,37.77041666666667,76.94868
1158,-122.44375,37.77041666666667,93.37943
1159,-122.41875,37.775416666666665,8.353105
1160,-122.43041666666667,37.782916666666665,38.99741
1161,-122.46375,37.78625,58.43063
1162,-122.44791666666667,37.77458333333333,85.38227
1163,-122.44958333333334,37.78208333333333,83.30616
1164,-122.43041666666667,37.78875,72.735756
1165,-122.44791666666667,37.78958333333333,99.70477
1166,-122.41541666666667,37.77291666666667,11.746802
1167,-122.42875,37.77125,47.446095
1168,-122.42375,37.77291666666667,24.049093
1169,-122.42125,37.77625,19.404284
1170,-122.44541666666666,37.78125,102.482414
1171,-122.44625,37.790416666666665,98.53527
1172,-122.42625,37.78375,58.824783
1173,-122.43541666666667,37.782916666666665,40.38218
1174,-122.46375,37.78125,56.975937
1175,-122.41041666666666,37.772083333333335,10.435245
1176,-122.46124999999999,37.79375,82.15647
1177,-122.45875,37.79125,90.58832
1178,-122.44958333333334,37.78875,96.07324
1179,-122.44291666666666,37.79125,85.67849
1180,-122.45958333333333,37.77875,67.332825
1181,-122.41208333333333,37.78458333333333,22.270266
1182,-122.46625,37.78458333333333,57.04252
1183,-122.46875,37.77625,72.01747
1184,-122.42208333333333,37.78458333333333,54.159378
1185,-122.42125,37.779583333333335,28.056757
1186,-122.44291666666666,37.77125,88.05734
1187,-122.44125,37.78458333333333,51.03337
1188,-122.41875,37.78541666666666,41.929802
1189,-122.45041666666667,37.77375,80.54274
1190,-122.46375,37.790416666666665,71.13146
1191,-122.44291666666666,37.78208333333333,81.56624
1192,-122.46958333333333,37.78458333333333,55.258614
1193,-122.46708333333333,37.77791666666667,65.81323
1194,-122.41958333333334,37.775416666666665,13.664817
1195,-122.44208333333333,37.79375,104.2787
1196,-122.43375,37.772083333333335,51.144253
1197,-122.41458333333334,37.78875,63.452847
1198,-122.42958333333333,37.79291666666666,102.38046
1199,-122.42041666666667,37.77125,14.0337925
1200,-122.44791666666667,37.78375,89.49038
1201,-122.41458333333334,37.78458333333333,33.324074
1202,-122.45625,37.79375,30.637552
1203,-122.45625,37.78541666666666,68.68696
1204,-122.43458333333334,37.779583333333335,49.886063
1205,-122.45041666666667,37.787083333333335,85.658516
1206,-122.41291666666666,37.79208333333333,88.31322
1207,-122.45208333333333,37.787083333333335,85.95498
1208,-122.44541666666666,37.77458333333333,74.410385
1209,-122.46625,37.77875,61.26434
1210,-122.45875,37.78458333333333,62.627033
1211,-122.42541666666666,37.79208333333333,88.79754
1212,-122.43291666666667,37.78875,66.79448
1213,-122.41708333333334,37.79375,102.74083
1214,-122.45208333333333,37.790416666666665,77.2819
1215,-122.46208333333334,37.782916666666665,58.313927
1216,-122.41625,37.78875,71.00338
1217,-122.45541666666666,37.782916666666665,68.1601
1218,-122.44041666666666,37.779583333333335,78.57566
1219,-122.41958333333334,37.79208333333333,71.1235
1220,-122.45958333333333,37.78875,79.154335
1221,-122.44791666666667,37.78541666666666,85.33454
1222,-122.43708333333333,37.78875,53.740746
1223,-122.41041666666666,37.78791666666667,32.66524
1224,-122.41458333333334,37.775416666666665,19.31502
1225,-122.45291666666667,37.78541666666666,83.63204
1226,-122.42708333333333,37.77875,27.243605
1227,-122.45208333333333,37.78541666666666,86.63694
1228,-122.41041666666666,37.787083333333335,40.097527
1229,-122.42958333333333,37.79375,94.34329
1230,-122.46208333333334,37.772083333333335,77.583694
1231,-122.46291666666667,37.77625,67.52472
1232,-122.46875,37.790416666666665,59.99488
1233,-122.45875,37.79208333333333,85.10173
1234,-122.41875,37.78041666666667,19.542915
1235,-122.42375,37.79375,73.868095
1236,-122.43625,37.78208333333333,42.35778
1237,-122.42458333333333,37.790416666666665,77.53641
1238,-122.41041666666666,37.78625,32.317585
1239,-122.45291666666667,37.77791666666667,105.19303
1240,-122.42791666666666,37.77625,36.99677
1241,-122.46041666666666,37.77291666666667,74.53708
1242,-122.45125,37.77708333333333,105.83203
1243,-122.43541666666667,37.78375,41.260906
1244,-122.46875,37.79375,86.54133
1245,-122.42791666666666,37.790416666666665,97.52986
1246,-122.46291666666667,37.77708333333333,63.812176
1247,-122.42875,37.79125,102.95451
1248,-122.41708333333334,37.79125,78.92083
1249,-122.41208333333333,37.77708333333333,14.688718
1250,-122.41125,37.78041666666667,25.265635
1251,-122.42541666666666,37.77375,39.391514
1252,-122.46958333333333,37.79208333333333,67.88665
1253,-122.43041666666667,37.77041666666667,41.160934
1254,-122.42125,37.77791666666667,26.383753
1255,-122.45458333333333,37.782916666666665,68.99579
1256,-122.43458333333334,37.77708333333333,75.162155
1257,-122.42541666666666,37.78125,30.137457
1258,-122.43125,37.77791666666667,41.121075
1259,-122.41541666666667,37.79375,113.889435
1260,-122.46458333333334,37.78458333333333,60.089016
1261,-122.44125,37.77041666666667,118.66597
1262,-122.42875,37.77875,30.262915
1263,-122.46375,37.77875,60.023476
1264,-122.42125,37.78041666666667,25.930136
1265,-122.42291666666667,37.78791666666667,67.1519
1266,-122.44375,37.782916666666665,78.096985
1267,-122.46708333333333,37.772083333333335,73.90805
1268,-122.42625,37.77708333333333,27.254595
1269,-122.44958333333334,37.77291666666667,78.11545
1270,-122.42041666666667,37.77041666666667,11.656029
1271,-122.44541666666666,37.790416666666665,92.47396
1272,-122.44375,37.78375,66.80959
1273,-122.42625,37.78791666666667,82.44755
1274,-122.43541666666667,37.772083333333335,53.590153
1275,-122.44458333333333,37.772083333333335,81.5964
1276,-122.41041666666666,37.775416666666665,10.60251
1277,-122.43875,37.79208333333333,90.706604
1278,-122.45125,37.78125,77.61985
1279,-122.45791666666666,37.77375,89.227036
1280,-122.44291666666666,37.782916666666665,68.73452
1281,-122.44708333333334,37.78208333333333,90.03028
1282,-122.42625,37.775416666666665,31.32881
1283,-122.45041666666667,37.790416666666665,85.95911
1284,-122.43041666666667,37.78041666666667,31.54104
1285,-122.44125,37.78125,75.6633
1286,-122.41125,37.78958333333333,57.736954
1287,-122.41875,37.78458333333333,36.001877
1288,-122.42458333333333,37.77708333333333,23.206652
1289,-122.45958333333333,37.77458333333333,76.54924
1290,-122.44291666666666,37.787083333333335,56.35772
1291,-122.46041666666666,37.77458333333333,73.681946
1292,-122.42958333333333,37.77791666666667,33.922268
1293,-122.42208333333333,37.78791666666667,58.621582
1294,-122.44958333333334,37.78125,83.851074
1295,-122.45541666666666,37.78125,73.524086
1296,-122.43291666666667,37.77875,46.294365
1297,-122.41541666666667,37.78458333333333,32.47292
1298,-122.41458333333334,37.79291666666666,112.60659
1299,-122.41208333333333,37.77041666666667,9.216838
1300,-122.46124999999999,37.78125,59.88029
1301,-122.44708333333334,37.775416666666665,76.91156
1302,-122.42375,37.77875,27.00836
1303,-122.41958333333334,37.787083333333335,46.756046
1304,-122.45708333333333,37.775416666666665,86.57722
1305,-122.45125,37.772083333333335,81.51796
1306,-122.43875,37.78875,57.03686
1307,-122.46791666666667,37.79291666666666,83.63182
1308,-122.45541666666666,37.775416666666665,96.76523
1309,-122.44541666666666,37.78208333333333,92.17032
1310,-122.41041666666666,37.77791666666667,11.8753395
1311,-122.41541666666667,37.78875,69.30605
1312,-122.45541666666666,37.78875,93.95447
1313,-122.42541666666666,37.772083333333335,35.75747
1314,-122.43541666666667,37.78875,51.88389
1315,-122.44458333333333,37.79375,97.370674
1316,-122.45125,37.79291666666666,54.1865
1317,-122.44875,37.78958333333333,100.45564
1318,-122.42291666666667,37.775416666666665,20.781687
1319,-122.41291666666666,37.78458333333333,21.985872
1320,-122.42625,37.78458333333333,65.118645
1321,-122.41708333333334,37.772083333333335,11.652035
1322,-122.45041666666667,37.78125,79.47985
1323,-122.44041666666666,37.77375,65.77598
1324,-122.44291666666666,37.78125,90.93984
1325,-122.45958333333333,37.77375,84.50541
1326,-122.46041666666666,37.78125,62.940475
1327,-122.41125,37.772083333333335,9.516829
1328,-122.46291666666667,37.78125,56.314247
1329,-122.46541666666667,37.79291666666666,103.97077
1330,-122.42791666666666,37.78875,77.28999
1331,-122.43875,37.787083333333335,48.854527
1332,-122.45458333333333,37.772083333333335,78.1444
1333,-122.44041666666666,37.78375,51.66349
1334,-122.45208333333333,37.78875,93.165375
1335,-122.43208333333334,37.79125,97.61556
1336,-122.46541666666667,37.78125,55.920364
1337,-122.41291666666666,37.77708333333333,16.419899
1338,-122.43291666666667,37.78541666666666,46.498123
1339,-122.41958333333334,37.77291666666667,12.803064
1340,-122.46791666666667,37.77125,71.64305
1341,-122.42875,37.772083333333335,50.73611
1342,-122.46541666666667,37.782916666666665,59.160152
1343,-122.41125,37.79291666666666,82.2191
1344,-122.42375,37.77791666666667,23.481087
1345,-122.42625,37.79125,97.16437
1346,-122.42291666666667,37.78125,30.706
1347,-122.44875,37.779583333333335,94.34091
1348,-122.44875,37.77791666666667,86.3008
1349,-122.44125,37.779583333333335,82.753426
1350,-122.42208333333333,37.78125,33.916092
1351,-122.44875,37.77625,85.315674
1352,-122.41958333333334,37.79125,63.881294
1353,-122.41875,37.79208333333333,76.85185
1354,-122.42958333333333,37.77375,64.69666
1355,-122.46458333333334,37.77291666666667,74.302315
1356,-122.42458333333333,37.77041666666667,30.635485
1357,-122.43708333333333,37.787083333333335,46.77859
1358,-122.42875,37.77708333333333,36.756454
1359,-122.45291666666667,37.779583333333335,125.876175
1360,-122.42791666666666,37.77875,29.450638
1361,-122.45875,37.77291666666667,79.49536
1362,-122.45541666666666,37.77291666666667,85.769966
1363,-122.43791666666667,37.79291666666666,85.77413
1364,-122.44125,37.775416666666665,68.388306
1365,-122.45458333333333,37.78458333333333,73.24321
1366,-122.45458333333333,37.78541666666666,76.33275
1367,-122.45208333333333,37.79375,47.596188
1368,-122.43375,37.78375,42.92815
1369,-122.43541666666667,37.77625,81.31618
1370,-122.45791666666666,37.78958333333333,90.82503
1371,-122.46124999999999,37.78375,60.938522
1372,-122.44541666666666,37.79208333333333,109.407234
1373,-122.41541666666667,37.78625,46.169548
1374,-122.42875,37.790416666666665,97.14008
1375,-122.42791666666666,37.772083333333335,52.951607
1376,-122.45208333333333,37.77791666666667,107.376785
1377,-122.45875,37.78375,63.65295
1378,-122.42625,37.78125,32.440784
1379,-122.43125,37.77041666666667,44.65531
1380,-122.43791666666667,37.78375,48.85959
1381,-122.44125,37.77625,69.45821
1382,-122.43125,37.78125,37.1014
1383,-122.45291666666667,37.78791666666667,88.66792
1384,-122.46458333333334,37.782916666666665,60.061813
1385,-122.42375,37.78208333333333,39.31354
1386,-122.44625,37.78541666666666,77.51253
1387,-122.45625,37.78875,94.42857
1388,-122.45625,37.782916666666665,67.5165
1389,-122.44625,37.78041666666667,97.62819
1390,-122.45041666666667,37.77625,104.46861
1391,-122.46541666666667,37.77291666666667,79.31356
1392,-122.41125,37.78625,31.932358
1393,-122.45458333333333,37.787083333333335,80.14972
1394,-122.44791666666667,37.779583333333335,93.41019
1395,-122.43708333333333,37.77125,69.023895
1396,-122.43375,37.787083333333335,51.847008
1397,-122.41458333333334,37.77625,19.999193
1398,-122.44958333333334,37.77125,81.74121
1399,-122.44041666666666,37.782916666666665,61.816532
1400,-122.46875,37.78625,53.637753
1401,-122.41291666666666,37.77375,15.587245
1402,-122.42041666666667,37.79125,59.448383
1403,-122.43125,37.782916666666665,38.501
1404,-122.43708333333333,37.78791666666667,46.893433
1405,-122.44708333333334,37.77041666666667,87.3883
1406,-122.42375,37.78541666666666,61.550095
1407,-122.44791666666667,37.772083333333335,78.23713
1408,-122.42375,37.77041666666667,24.942766
1409,-122.41041666666666,37.782916666666665,16.340776
1410,-122.46208333333334,37.77708333333333,64.4507
1411,-122.43041666666667,37.790416666666665,93.515884
1412,-122.43125,37.779583333333335,34.951756
1413,-122.45958333333333,37.79291666666666,78.80186
1414,-122.41041666666666,37.77291666666667,11.1393385
1415,-122.43375,37.790416666666665,65.610085
1416,-122.42375,37.78458333333333,59.4859
1417,-122.45708333333333,37.79125,87.065636
1418,-122.45541666666666,37.77708333333333,90.85928
1419,-122.42208333333333,37.779583333333335,24.354685
1420,-122.46541666666667,37.77708333333333,64.73096
1421,-122.43208333333334,37.78458333333333,42.798347
1422,-122.43875,37.79291666666666,87.36914
1423,-122.41958333333334,37.79291666666666,77.04506
1424,-122.44125,37.78875,58.97602
1425,-122.41291666666666,37.79375,92.23554
1426,-122.46458333333334,37.77041666666667,80.71167
1427,-122.41375,37.772083333333335,9.747893
1428,-122.42625,37.77458333333333,40.84269
1429,-122.43791666666667,37.79375,72.54621
1430,-122.44541666666666,37.77291666666667,76.403015
1431,-122.44125,37.79291666666666,101.94695
1432,-122.44875,37.79125,95.29943
1433,-122.41291666666666,37.78375,24.192831
1434,-122.45041666666667,37.78208333333333,79.24132
1435,-122.42375,37.775416666666665,25.305717
1436,-122.44375,37.78958333333333,75.24619
1437,-122.43041666666667,37.772083333333335,50.088306
1438,-122.45875,37.77791666666667,69.3919
1439,-122.46458333333334,37.78041666666667,59.880234
1440,-122.46958333333333,37.77458333333333,71.31311
1441,-122.44791666666667,37.77708333333333,82.153564
1442,-122.42541666666666,37.779583333333335,26.369238
1443,-122.45958333333333,37.77708333333333,67.598564
1444,-122.42375,37.782916666666665,48.96564
1445,-122.43291666666667,37.79291666666666,83.87398
1446,-122.42791666666666,37.77041666666667,49.50545
1447,-122.46875,37.77291666666667,76.716934
1448,-122.45875,37.77375,92.32445
1449,-122.42708333333333,37.78208333333333,38.74083
1450,-122.43375,37.78125,39.085857
1451,-122.42125,37.78125,31.793098
1452,-122.45041666666667,37.77458333333333,83.98854
1453,-122.43541666666667,37.77375,60.11893
1454,-122.45291666666667,37.78875,92.36937
1455,-122.44458333333333,37.779583333333335,99.178116
1456,-122.42458333333333,37.79125,79.90351
1457,-122.42041666666667,37.77625,19.189816
1458,-122.43791666666667,37.78125,47.265614
1459,-122.46291666666667,37.77875,59.78404
1460,-122.43208333333334,37.77458333333333,72.31995
1461,-122.42125,37.77875,27.60878
1462,-122.46541666666667,37.775416666666665,70.116035
1463,-122.41458333333334,37.77708333333333,17.94244
1464,-122.44791666666667,37.78208333333333,86.22838
1465,-122.41375,37.78958333333333,71.518
1466,-122.44375,37.77291666666667,73.59733
1467,-122.41625,37.78125,25.514774
1468,-122.45208333333333,37.78208333333333,72.79353
1469,-122.46708333333333,37.77125,72.93217
1470,-122.43708333333333,37.78375,45.92271
1471,-122.41708333333334,37.78125,27.715954
1472,-122.44625,37.779583333333335,95.227394
1473,-122.44708333333334,37.77791666666667,82.17249
1474,-122.41875,37.78125,25.319105
1475,-122.42291666666667,37.78041666666667,23.830061
1476,-122.46875,37.77458333333333,72.60214
1477,-122.41625,37.77791666666667,20.992043
1478,-122.46708333333333,37.78541666666666,55.6495
1479,-122.41208333333333,37.77791666666667,16.230915
1480,-122.41541666666667,37.78375,25.870611
1481,-122.43291666666667,37.78375,42.73149
1482,-122.41125,37.78458333333333,18.795036
1483,-122.42208333333333,37.78375,53.826077
1484,-122.41541666666667,37.77875,20.653637
1485,-122.46124999999999,37.79291666666666,97.27145
1486,-122.42458333333333,37.78208333333333,36.907627
1487,-122.43375,37.79208333333333,79.12987
1488,-122.44458333333333,37.77708333333333,73.8304
1489,-122.43625,37.78958333333333,57.602913
1490,-122.43458333333334,37.79291666666666,79.6369
1491,-122.44541666666666,37.78958333333333,83.08976
1492,-122.45041666666667,37.77125,83.48619
1493,-122.45375,37.78208333333333,70.87373
1494,-122.41541666666667,37.79125,93.21494
1495,-122.41958333333334,37.78791666666667,49.244965
1496,-122.41208333333333,37.77625,13.948184
1497,-122.42791666666666,37.775416666666665,44.43894
1498,-122.43958333333333,37.77375,65.86956
1499,-122.43708333333333,37.77375,58.12526
1500,-122.42875,37.78875,73.01954
1501,-122.44458333333333,37.775416666666665,73.43672
1502,-122.46124999999999,37.78041666666667,60.5016
1503,-122.44375,37.772083333333335,83.34904
1504,-122.42625,37.787083333333335,75.82612
1505,-122.42541666666666,37.77041666666667,34.53041
1506,-122.44125,37.77791666666667,78.20581
1507,-122.43875,37.78458333333333,45.382
1508,-122.42875,37.78625,56.73744
1509,-122.45791666666666,37.78375,64.39619
1510,-122.41125,37.77041666666667,14.232501
1511,-122.43958333333333,37.78041666666667,65.786674
1512,-122.42708333333333,37.782916666666665,47.55541
1513,-122.42125,37.77041666666667,12.202787
1514,-122.41375,37.78541666666666,33.921253
1515,-122.44375,37.787083333333335,60.257923
1516,-122.46458333333334,37.79291666666666,110.22639
1517,-122.46791666666667,37.772083333333335,73.25321
1518,-122.41958333333334,37.77125,9.765889
1519,-122.42291666666667,37.78375,57.053608
1520,-122.44208333333333,37.77041666666667,108.824066
1521,-122.45375,37.772083333333335,79.969505
1522,-122.42041666666667,37.78791666666667,49.133198
1523,-122.44125,37.787083333333335,55.26475
1524,-122.46375,37.77458333333333,73.89066
1525,-122.41291666666666,37.78958333333333,60.08304
1526,-122.44291666666666,37.78958333333333,68.98493
1527,-122.42791666666666,37.78625,59.87047
1528,-122.43541666666667,37.79208333333333,75.854965
1529,-122.43958333333333,37.79291666666666,91.539314
1530,-122.46208333333334,37.779583333333335,60.441555
1531,-122.44208333333333,37.77625,69.39329
1532,-122.43625,37.79375,78.138596
1533,-122.45875,37.779583333333335,67.091125
1534,-122.44625,37.78625,75.49437
1535,-122.42875,37.78125,32.139652
1536,-122.44458333333333,37.78541666666666,63.851772
1537,-122.44958333333334,37.77625,93.649536
1538,-122.42541666666666,37.77791666666667,27.552397
1539,-122.45958333333333,37.77625,70.16156
1540,-122.42458333333333,37.78041666666667,27.579151
1541,-122.42791666666666,37.79125,105.72817
1542,-122.44541666666666,37.787083333333335,68.92726
1543,-122.46375,37.78958333333333,72.159485
1544,-122.41541666666667,37.78541666666666,35.959618
1545,-122.46791666666667,37.78875,60.31735
1546,-122.43791666666667,37.79125,80.103004
1547,-122.46791666666667,37.77041666666667,73.216774
1548,-122.43875,37.77125,84.54701
1549,-122.41791666666667,37.77791666666667,18.450493
1550,-122.44541666666666,37.78625,67.71277
1551,-122.45541666666666,37.77375,98.979095
1552,-122.44708333333334,37.77625,75.19889
1553,-122.46875,37.782916666666665,59.30635
1554,-122.45625,37.78958333333333,92.056694
1555,-122.41625,37.78958333333333,79.78495
1556,-122.44791666666667,37.77375,81.11752
1557,-122.41541666666667,37.78125,23.474676
1558,-122.44458333333333,37.77125,88.092384
1559,-122.45875,37.782916666666665,64.22876
1560,-122.43291666666667,37.775416666666665,79.973465
1561,-122.42708333333333,37.79208333333333,104.17855
1562,-122.46708333333333,37.77458333333333,74.79725
1563,-122.43708333333333,37.77041666666667,80.15284
1564,-122.46291666666667,37.782916666666665,58.475086
1565,-122.42125,37.78375,44.410378
1566,-122.43041666666667,37.78958333333333,84.53579
1567,-122.45458333333333,37.77125,79.529816
1568,-122.41125,37.78208333333333,22.29279
1569,-122.43708333333333,37.779583333333335,53.37601
1570,-122.44375,37.78041666666667,104.30711
1571,-122.42875,37.78791666666667,67.92618
1572,-122.41125,37.77708333333333,12.66816
1573,-122.43541666666667,37.775416666666665,77.72233
1574,-122.46124999999999,37.78625,61.285748
1575,-122.41291666666666,37.787083333333335,40.552166
1576,-122.41791666666667,37.77291666666667,17.362417
1577,-122.46958333333333,37.77291666666667,82.05968
1578,-122.46041666666666,37.78958333333333,88.02166
1579,-122.43958333333333,37.77875,74.484795
1580,-122.44958333333334,37.787083333333335,88.20409
1581,-122.45958333333333,37.79375,76.0184
1582,-122.45875,37.77875,67.80359
1583,-122.41958333333334,37.78875,56.335194
1584,-122.43125,37.79375,92.41091
1585,-122.42541666666666,37.78958333333333,82.12829
1586,-122.46541666666667,37.77125,78.50978
1587,-122.46541666666667,37.787083333333335,60.377716
1588,-122.45125,37.779583333333335,121.8849
1589,-122.42791666666666,37.77125,50.73897
1590,-122.43125,37.78375,40.649055
1591,-122.44375,37.779583333333335,97.928986
1592,-122.41708333333334,37.782916666666665,31.64744
1593,-122.43958333333333,37.779583333333335,69.95584
1594,-122.46625,37.779583333333335,59.377777
1595,-122.45208333333333,37.78625,84.66808
1596,-122.41208333333333,37.79375,86.21329
1597,-122.44458333333333,37.78375,70.713844
1598,-122.41791666666667,37.782916666666665,27.541801
1599,-122.43875,37.78041666666667,57.005028
1600,-122.43291666666667,37.77375,67.07826
1601,-122.43375,37.79291666666666,81.947014
1602,-122.45458333333333,37.78041666666667,85.1181
1603,-122.46458333333334,37.78875,70.39543
1604,-122.44458333333333,37.78208333333333,92.82162
1605,-122.45791666666666,37.79375,53.743683
1606,-122.44291666666666,37.78458333333333,55.16737
1607,-122.41541666666667,37.787083333333335,52.25754
1608,-122.45958333333333,37.78041666666667,66.60246
1609,-122.41125,37.77125,13.273858
1610,-122.42375,37.77458333333333,24.970142
1611,-122.45208333333333,37.78958333333333,86.67165
1612,-122.46958333333333,37.790416666666665,60.425564
1613,-122.41958333333334,37.772083333333335,13.246921
1614,-122.43625,37.77625,71.49631
1615,-122.46375,37.775416666666665,71.10945
1616,-122.42625,37.77375,45.15682
1617,-122.45875,37.78625,67.673615
1618,-122.44625,37.78208333333333,95.55126
1619,-122.46208333333334,37.78375,59.436245
1620,-122.44625,37.78958333333333,90.175995
1621,-122.46791666666667,37.78375,59.327763
1622,-122.42375,37.772083333333335,21.030941
1623,-122.45708333333333,37.78208333333333,67.7098
1624,-122.46791666666667,37.78208333333333,56.566006
1625,-122.41208333333333,37.779583333333335,13.363389
1626,-122.45625,37.78375,68.25298
1627,-122.42291666666667,37.782916666666665,46.092506
1628,-122.43541666666667,37.78625,48.41754
1629,-122.42125,37.78208333333333,32.812435
1630,-122.41541666666667,37.77375,13.817323
1631,-122.44791666666667,37.79208333333333,102.14376
1632,-122.43375,37.77458333333333,75.52581
1633,-122.44708333333334,37.77375,80.114174
1634,-122.45958333333333,37.78125,65.88729
1635,-122.42541666666666,37.782916666666665,49.520042
1636,-122.42708333333333,37.77291666666667,53.24494
1637,-122.46124999999999,37.782916666666665,59.805172
1638,-122.46124999999999,37.790416666666665,91.81212
1639,-122.44875,37.77375,81.96789
1640,-122.45875,37.78875,83.860535
1641,-122.46875,37.77791666666667,70.969025
1642,-122.42625,37.77875,26.978548
1643,-122.46708333333333,37.78375,58.247158
1644,-122.45875,37.77625,72.72661
1645,-122.46625,37.77375,74.71381
1646,-122.41125,37.782916666666665,20.012064
1647,-122.41125,37.779583333333335,16.154177
1648,-122.41208333333333,37.772083333333335,12.666756
1649,-122.41791666666667,37.79125,70.06298
1650,-122.43375,37.779583333333335,46.499954
1651,-122.43375,37.77875,51.671646
1652,-122.46208333333334,37.79375,95.69009
1653,-122.41958333333334,37.77625,24.134626
1654,-122.45375,37.77375,84.777115
1655,-122.41875,37.79291666666666,84.35508
1656,-122.44291666666666,37.78541666666666,55.06904
1657,-122.41125,37.79125,75.10354
1658,-122.45458333333333,37.77625,98.51376
1659,-122.46958333333333,37.78625,52.65905
1660,-122.43208333333334,37.77375,64.7774
1661,-122.45541666666666,37.78208333333333,69.145256
1662,-122.46958333333333,37.77708333333333,72.09966
1663,-122.45291666666667,37.78041666666667,105.0758
1664,-122.41208333333333,37.79291666666666,93.07488
1665,-122.45458333333333,37.78125,75.14944
1666,-122.44375,37.79125,89.14471
1667,-122.42125,37.78625,52.280647
1668,-122.46458333333334,37.77791666666667,60.21491
1669,-122.46625,37.77625,71.37658
1670,-122.42291666666667,37.787083333333335,61.407467
1671,-122.43625,37.78791666666667,48.576916
1672,-122.43541666666667,37.79375,82.939514
1673,-122.46458333333334,37.78791666666667,63.111977
1674,-122.43458333333334,37.79125,68.494156
1675,-122.43708333333333,37.782916666666665,46.026978
1676,-122.42791666666666,37.78125,32.428425
1677,-122.46124999999999,37.78875,78.80538
1678,-122.41875,37.77625,16.273108
1679,-122.41041666666666,37.78541666666666,24.39629
1680,-122.42958333333333,37.79125,102.09329
1681,-122.42041666666667,37.78458333333333,40.329956
1682,-122.42125,37.79375,64.87941
1683,-122.41041666666666,37.79291666666666,80.098145
1684,-122.46958333333333,37.78958333333333,58.893745
1685,-122.44208333333333,37.77125,90.540764
1686,-122.46708333333333,37.77708333333333,69.25249
1687,-122.45458333333333,37.77375,88.46522
1688,-122.41291666666666,37.78625,35.85202
1689,-122.43791666666667,37.77041666666667,88.103134
1690,-122.45791666666666,37.790416666666665,91.926216
1691,-122.41625,37.79291666666666,102.69771
1692,-122.44041666666666,37.77291666666667,73.399254
1693,-122.45208333333333,37.77875,113.53879
1694,-122.43458333333334,37.787083333333335,50.612144
1695,-122.41041666666666,37.77125,12.296805
1696,-122.46875,37.779583333333335,61.751976
1697,-122.46625,37.77708333333333,67.001884
1698,-122.46791666666667,37.79208333333333,74.03093
1699,-122.43541666666667,37.77458333333333,67.4599
1700,-122.46625,37.78375,59.39835
1701,-122.44208333333333,37.79208333333333,94.226524
1702,-122.43208333333334,37.77875,38.384052
1703,-122.44625,37.77708333333333,78.640724
1704,-122.43041666666667,37.79375,95.18093
1705,-122.46208333333334,37.78458333333333,59.19993
1706,-122.42208333333333,37.790416666666665,67.97845
1707,-122.42375,37.79208333333333,77.12687
1708,-122.46458333333334,37.772083333333335,84.13341
1709,-122.43208333333334,37.79375,88.04369
1710,-122.44458333333333,37.77625,71.69709
1711,-122.45375,37.78875,94.52282
1712,-122.42375,37.790416666666665,69.66274
1713,-122.45875,37.79375,75.61726
1714,-122.45875,37.78041666666667,67.482994
1715,-122.46208333333334,37.79291666666666,106.16611
1716,-122.44625,37.77125,84.13084
1717,-122.41041666666666,37.79125,69.79648
1718,-122.42291666666667,37.77875,32.125736
1719,-122.41541666666667,37.78041666666667,17.046116
1720,-122.45125,37.78208333333333,75.424515
1721,-122.45708333333333,37.78791666666667,89.31892
1722,-122.45458333333333,37.78208333333333,68.75394
1723,-122.45458333333333,37.790416666666665,75.854355
1724,-122.41375,37.77375,14.673521
1725,-122.46458333333334,37.78625,58.46048
1726,-122.44791666666667,37.775416666666665,80.86599
1727,-122.41458333333334,37.772083333333335,9.2991
1728,-122.42458333333333,37.77125,31.420862
1729,-122.41958333333334,37.78458333333333,35.3427
1730,-122.44708333333334,37.772083333333335,77.54522
1731,-122.45625,37.77041666666667,75.96437
1732,-122.44958333333334,37.78958333333333,98.80919
1733,-122.44541666666666,37.77791666666667,77.258194
1734,-122.42708333333333,37.772083333333335,47.35464
1735,-122.43208333333334,37.77041666666667,45.387833
1736,-122.41291666666666,37.772083333333335,12.48558
1737,-122.41208333333333,37.79125,77.21306
1738,-122.44875,37.78791666666667,89.14578
1739,-122.42625,37.779583333333335,27.425924
1740,-122.44041666666666,37.77458333333333,66.947784
1741,-122.41708333333334,37.77041666666667,8.714125
1742,-122.43458333333334,37.79208333333333,77.03806
1743,-122.46541666666667,37.772083333333335,79.79939
1744,-122.43041666666667,37.77791666666667,37.72258
1745,-122.45125,37.79375,54.08066
1746,-122.43708333333333,37.78041666666667,47.718018
1747,-122.44875,37.78208333333333,84.58525
1748,-122.46541666666667,37.78208333333333,56.205757
1749,-122.44708333333334,37.78958333333333,95.32108
1750,-122.44291666666666,37.79375,102.83729
1751,-122.45041666666667,37.78375,88.33504
1752,-122.44541666666666,37.77125,84.57933
1753,-122.43875,37.78958333333333,65.297806
1754,-122.46291666666667,37.78791666666667,66.14401
1755,-122.44875,37.790416666666665,98.87262
1756,-122.44708333333334,37.79291666666666,111.5792
1757,-122.42125,37.78458333333333,46.6237
1758,-122.43541666666667,37.78125,39.296154
1759,-122.45958333333333,37.78208333333333,65.22901
1760,-122.42125,37.78791666666667,54.10108
1761,-122.41625,37.78625,45.669636
1762,-122.44791666666667,37.790416666666665,102.85076
1763,-122.43541666666667,37.779583333333335,53.995678
1764,-122.43458333333334,37.78125,39.141758
1765,-122.46041666666666,37.772083333333335,72.42217
1766,-122.43041666666667,37.78208333333333,35.33944
1767,-122.41791666666667,37.78458333333333,32.941837
1768,-122.44041666666666,37.78125,67.66048
1769,-122.46124999999999,37.78791666666667,71.34781
1770,-122.42375,37.779583333333335,24.679508
1771,-122.44458333333333,37.79291666666666,109.48831
1772,-122.43208333333334,37.79208333333333,89.40922
1773,-122.44458333333333,37.790416666666665,86.184555
1774,-122.46458333333334,37.77125,83.89701
1775,-122.44541666666666,37.79375,96.87621
1776,-122.46208333333334,37.78791666666667,70.3487
1777,-122.43958333333333,37.782916666666665,54.005978
1778,-122.45791666666666,37.78208333333333,66.77564
1779,-122.42875,37.77041666666667,42.011265
1780,-122.46625,37.77041666666667,86.2843
1781,-122.43875,37.78791666666667,51.48385
1782,-122.42208333333333,37.78625,55.979416
1783,-122.46291666666667,37.78625,58.564148
1784,-122.44125,37.77708333333333,70.27626
1785,-122.45125,37.78791666666667,90.61528
1786,-122.43041666666667,37.77291666666667,57.36322
1787,-122.45291666666667,37.77625,110.19227
1788,-122.41125,37.78375,19.261818
1789,-122.45041666666667,37.77708333333333,101.991875
1790,-122.44875,37.79291666666666,85.45401
1791,-122.41791666666667,37.78541666666666,38.26708
1792,-122.44875,37.77041666666667,86.01257
1793,-122.41541666666667,37.77708333333333,22.198082
1794,-122.42541666666666,37.79125,89.18745
1795,-122.46291666666667,37.79375,115.98272
1796,-122.41208333333333,37.78625,34.07136
1797,-122.42125,37.77458333333333,17.4488
1798,-122.43791666666667,37.77458333333333,59.332016
1799,-122.45041666666667,37.78791666666667,91.64344
1800,-122.44708333333334,37.78625,80.00825
1801,-122.44625,37.78375,82.98469
1802,-122.42125,37.787083333333335,56.26031
1803,-122.43208333333334,37.78208333333333,39.206676
1804,-122.43208333333334,37.77291666666667,57.360966
1805,-122.43708333333333,37.79291666666666,81.339676
1806,-122.43541666666667,37.77791666666667,64.55632
1807,-122.45041666666667,37.77875,101.89938
1808,-122.42875,37.78041666666667,30.61653
1809,-122.41791666666667,37.77375,16.856817
1810,-122.42208333333333,37.77458333333333,24.111794
1811,-122.46708333333333,37.79125,76.417366
1812,-122.43958333333333,37.78541666666666,53.513733
1813,-122.42875,37.79291666666666,107.09707
1814,-122.42875,37.77791666666667,32.847954
1815,-122.41125,37.79208333333333,84.20964
1816,-122.42708333333333,37.78041666666667,29.689074
1817,-122.44541666666666,37.78541666666666,68.34184
1818,-122.45041666666667,37.782916666666665,81.73787
1819,-122.43875,37.78208333333333,52.92147
1820,-122.43791666666667,37.78041666666667,51.92382
1821,-122.41041666666666,37.77875,14.435258
1822,-122.42125,37.78958333333333,56.91026
1823,-122.44208333333333,37.78875,62.43692
1824,-122.43958333333333,37.78791666666667,51.12885
1825,-122.46041666666666,37.78458333333333,61.443363
1826,-122.43875,37.77791666666667,68.27069
1827,-122.41625,37.775416666666665,15.268204
1828,-122.43125,37.78791666666667,62.8169
1829,-122.45375,37.782916666666665,69.65923
1830,-122.42708333333333,37.78458333333333,62.60758
1831,-122.43625,37.78875,51.521328
1832,-122.45375,37.775416666666665,110.391785
1833,-122.44708333333334,37.77125,83.894424
1834,-122.44208333333333,37.78375,57.160854
1835,-122.41041666666666,37.78375,18.794765
1836,-122.46291666666667,37.790416666666665,84.96989
1837,-122.45291666666667,37.77875,112.29342
1838,-122.42625,37.77041666666667,36.694305
1839,-122.42958333333333,37.772083333333335,48.141396
1840,-122.46875,37.78875,50.93521
1841,-122.46625,37.77125,79.02784
1842,-122.43541666666667,37.787083333333335,50.007416
1843,-122.41125,37.790416666666665,64.92095
1844,-122.46541666666667,37.78458333333333,57.359608
1845,-122.42541666666666,37.78541666666666,63.874184
1846,-122.41708333333334,37.787083333333335,48.234825
1847,-122.42708333333333,37.77375,52.34658
1848,-122.43541666666667,37.78458333333333,42.721138
1849,-122.41791666666667,37.77625,11.814556
1850,-122.41791666666667,37.77875,23.522886
1851,-122.41375,37.79208333333333,91.89383
1852,-122.41291666666666,37.779583333333335,18.588976
1853,-122.45958333333333,37.790416666666665,92.631714
1854,-122.45208333333333,37.77375,85.1785
1855,-122.45125,37.77625,106.03999
1856,-122.44958333333334,37.78375,91.535385
1857,-122.45458333333333,37.78875,94.67002
1858,-122.44208333333333,37.775416666666665,69.844
1859,-122.43208333333334,37.787083333333335,53.103634
1860,-122.42375,37.77708333333333,24.635754
1861,-122.46291666666667,37.79125,93.78555
1862,-122.46708333333333,37.77375,73.79248
1863,-122.44541666666666,37.78458333333333,70.250565
1864,-122.43541666666667,37.77291666666667,56.71668
1865,-122.45708333333333,37.77708333333333,77.8338
1866,-122.41291666666666,37.77041666666667,7.1806793
1867,-122.42625,37.79208333333333,96.33846
1868,-122.45958333333333,37.78625,64.86614
1869,-122.45708333333333,37.77791666666667,76.5142
1870,-122.46458333333334,37.79125,87.700745
1871,-122.43125,37.79208333333333,95.07279
1872,-122.45208333333333,37.77125,86.20822
1873,-122.42375,37.77625,28.002562
1874,-122.43125,37.77458333333333,69.5559
1875,-122.41208333333333,37.78208333333333,19.332085
1876,-122.46958333333333,37.78041666666667,58.82146
1877,-122.44875,37.78875,95.21215
1878,-122.44541666666666,37.772083333333335,81.96904
1879,-122.45375,37.79375,42.702587
1880,-122.41458333333334,37.77375,14.0980215
1881,-122.42708333333333,37.78875,81.02984
1882,-122.44625,37.775416666666665,74.65573
1883,-122.42875,37.77375,59.896137
1884,-122.46208333333334,37.787083333333335,64.553085
1885,-122.45625,37.78041666666667,78.094315
1886,-122.42041666666667,37.77708333333333,21.41146
1887,-122.41791666666667,37.78625,40.39658
1888,-122.43291666666667,37.78791666666667,60.763824
1889,-122.43708333333333,37.79125,74.06964
1890,-122.45041666666667,37.79291666666666,64.09058
1891,-122.44375,37.78875,69.75841
1892,-122.44791666666667,37.79125,103.9885
1893,-122.46625,37.78625,57.034084
1894,-122.46291666666667,37.77791666666667,61.08165
1895,-122.46375,37.77791666666667,60.03965
1896,-122.44041666666666,37.77125,92.909775
1897,-122.43291666666667,37.78125,37.33032
1898,-122.44291666666666,37.772083333333335,84.9754
1899,-122.42291666666667,37.78625,63.92847
1900,-122.43375,37.77625,75.24174
1901,-122.44958333333334,37.775416666666665,89.47495
1902,-122.44958333333334,37.78625,92.52689
1903,-122.42458333333333,37.77291666666667,32.71842
1904,-122.41291666666666,37.78791666666667,48.040737
1905,-122.44375,37.77125,87.68911
1906,-122.46541666666667,37.78625,57.619682
1907,-122.44208333333333,37.78958333333333,66.3725
1908,-122.42708333333333,37.79125,99.8944
1909,-122.42958333333333,37.78125,31.424238
1910,-122.45708333333333,37.790416666666665,87.385895
1911,-122.43708333333333,37.78458333333333,42.93695
1912,-122.43625,37.77791666666667,69.79031
1913,-122.46541666666667,37.779583333333335,59.63358
1914,-122.43375,37.77708333333333,63.797462
1915,-122.44791666666667,37.78791666666667,88.74159
1916,-122.42791666666666,37.77708333333333,32.833973
1917,-122.41291666666666,37.77458333333333,16.792612
1918,-122.42875,37.775416666666665,48.178658
1919,-122.42125,37.77291666666667,17.043972
1920,-122.45625,37.78625,71.05702
1921,-122.44958333333334,37.782916666666665,83.80605
1922,-122.45791666666666,37.77875,69.41447
1923,-122.45041666666667,37.78958333333333,96.29896
1924,-122.43958333333333,37.79208333333333,91.758865
1925,-122.43958333333333,37.78125,58.338863
1926,-122.46791666666667,37.78541666666666,55.987354
1927,-122.45375,37.78958333333333,90.93829
1928,-122.45625,37.77125,75.3565
1929,-122.43458333333334,37.78041666666667,37.825184
1930,-122.45125,37.782916666666665,76.26873
1931,-122.44208333333333,37.78125,84.6085
1932,-122.43125,37.78208333333333,36.09065
1933,-122.41375,37.78875,61.811924
1934,-122.43875,37.782916666666665,51.887836
1935,-122.44875,37.772083333333335,79.431
1936,-122.44041666666666,37.78875,57.08858
1937,-122.44708333333334,37.79375,92.93597
1938,-122.45125,37.790416666666665,79.83724
1939,-122.41375,37.78458333333333,30.188255
1940,-122.42458333333333,37.772083333333335,28.907675
1941,-122.43708333333333,37.78125,44.396725
1942,-122.42708333333333,37.78791666666667,75.71403
1943,-122.45541666666666,37.78625,74.525856
1944,-122.44625,37.79375,98.240746
1945,-122.45208333333333,37.772083333333335,80.85517
1946,-122.45208333333333,37.775416666666665,105.11944
1947,-122.42291666666667,37.772083333333335,18.869652
1948,-122.42541666666666,37.79291666666666,86.14433
1949,-122.42291666666667,37.79291666666666,62.766346
1950,-122.44125,37.78958333333333,65.04364
1951,-122.44208333333333,37.782916666666665,63.13411
1952,-122.46958333333333,37.79291666666666,75.23087
1953,-122.41791666666667,37.77125,9.461178
1954,-122.45458333333333,37.78625,76.8805
1955,-122.44041666666666,37.79208333333333,95.442795
1956,-122.42458333333333,37.79291666666666,76.29891
1957,-122.44875,37.79375,84.45748
1958,-122.43791666666667,37.77375,59.671535
1959,-122.45291666666667,37.78208333333333,72.67884
1960,-122.44375,37.790416666666665,83.56535
1961,-122.42958333333333,37.78958333333333,84.12747
1962,-122.46291666666667,37.779583333333335,60.034817
1963,-122.41375,37.782916666666665,31.535234
1964,-122.45875,37.78541666666666,64.964
1965,-122.45708333333333,37.779583333333335,72.637634
1966,-122.45541666666666,37.79291666666666,35.522846
1967,-122.45041666666667,37.79375,62.192604
1968,-122.43208333333334,37.790416666666665,83.44798
1969,-122.46041666666666,37.787083333333335,67.83396
1970,-122.41625,37.779583333333335,28.084867
1971,-122.45958333333333,37.77791666666667,67.29393
1972,-122.43375,37.77125,50.744125
1973,-122.44875,37.78041666666667,91.82956
1974,-122.45291666666667,37.79208333333333,53.781002
1975,-122.43291666666667,37.77125,49.504005
1976,-122.44458333333333,37.79208333333333,105.59157
1977,-122.46875,37.78041666666667,58.43752
1978,-122.45125,37.79208333333333,63.475502
1979,-122.44208333333333,37.78041666666667,91.622375
1980,-122.42541666666666,37.790416666666665,88.32864
1981,-122.46124999999999,37.78541666666666,60.982147
1982,-122.44041666666666,37.787083333333335,52.210052
1983,-122.42458333333333,37.79375,78.80271
1984,-122.41708333333334,37.77625,11.214725
1985,-122.45375,37.79208333333333,54.37457
1986,-122.46958333333333,37.77375,75.3539
1987,-122.45541666666666,37.77625,91.54027
1988,-122.41458333333334,37.77125,10.661957
1989,-122.41375,37.77708333333333,20.15379
1990,-122.45125,37.77375,82.816795
1991,-122.44208333333333,37.77375,70.15587
1992,-122.46375,37.78541666666666,56.80176
1993,-122.46625,37.77458333333333,75.44039
1994,-122.42625,37.77625,28.31815
1995,-122.44625,37.77291666666667,72.437294
1996,-122.41791666666667,37.79375,92.60736
1997,-122.43375,37.782916666666665,41.894485
1998,-122.43375,37.79375,85.801506
1999,-122.42875,37.78458333333333,52.24732
2000,-122.42041666666667,37.79291666666666,72.66718
2001,-122.44125,37.77291666666667,71.64664
2002,-122.42458333333333,37.79208333333333,80.10072
2003,-122.41541666666667,37.78208333333333,26.533281
2004,-122.45625,37.77458333333333,97.40027
2005,-122.46791666666667,37.78041666666667,56.940258
2006,-122.44708333333334,37.78041666666667,92.46483
2007,-122.46124999999999,37.787083333333335,65.04667
2008,-122.43958333333333,37.77125,88.82569
2009,-122.44875,37.77291666666667,80.24355
2010,-122.41375,37.79375,98.88408
2011,-122.42791666666666,37.78458333333333,56.242573
2012,-122.43541666666667,37.78958333333333,57.961044
2013,-122.42208333333333,37.782916666666665,41.910637
2014,-122.45708333333333,37.78958333333333,93.09036
2015,-122.43458333333334,37.77041666666667,54.58995
2016,-122.45291666666667,37.77291666666667,84.796684
2017,-122.45541666666666,37.79208333333333,49.87006
2018,-122.41791666666667,37.779583333333335,18.199184
2019,-122.44458333333333,37.78041666666667,107.866714
2020,-122.41375,37.77625,16.996958
2021,-122.43958333333333,37.78458333333333,47.139626
2022,-122.46791666666667,37.77625,72.5927
2023,-122.42291666666667,37.77625,21.504108
2024,-122.42625,37.78041666666667,29.799017
2025,-122.41458333333334,37.78375,27.751621
2026,-122.45791666666666,37.77041666666667,77.68569
2027,-122.44875,37.78625,99.39684
2028,-122.41625,37.77708333333333,23.996246
2029,-122.44958333333334,37.77875,97.08395
2030,-122.43125,37.77291666666667,58.72381
2031,-122.44541666666666,37.78791666666667,73.37513
2032,-122.45375,37.77041666666667,84.791275
2033,-122.45875,37.77041666666667,78.02315
2034,-122.45875,37.77125,77.683105
2035,-122.44791666666667,37.78875,90.09901
2036,-122.45958333333333,37.79125,91.20348
2037,-122.44708333333334,37.779583333333335,89.91888
2038,-122.45708333333333,37.78125,69.96915
2039,-122.46625,37.772083333333335,77.62856
2040,-122.42208333333333,37.77875,29.551304
2041,-122.41708333333334,37.77875,26.170782
2042,-122.44791666666667,37.79375,98.806564
2043,-122.45791666666666,37.79125,93.89833
2044,-122.42375,37.79291666666666,73.83533
2045,-122.46124999999999,37.79125,98.24067
2046,-122.44958333333334,37.79375,74.36598
2047,-122.46541666666667,37.79125,89.87236
2048,-122.42375,37.78791666666667,65.67949
2049,-122.45291666666667,37.775416666666665,108.611206
2050,-122.41875,37.78791666666667,49.571136
2051,-122.43708333333333,37.79208333333333,81.51859
2052,-122.46041666666666,37.79125,94.97074
2053,-122.43375,37.77375,65.14938
2054,-122.41625,37.77875,22.108755
2055,-122.46708333333333,37.79291666666666,88.903496
2056,-122.46708333333333,37.779583333333335,59.785778
2057,-122.41875,37.77125,11.863247
2058,-122.45041666666667,37.79125,78.20784
2059,-122.43458333333334,37.782916666666665,43.495136
2060,-122.44541666666666,37.79125,99.24879
2061,-122.41625,37.782916666666665,27.55299
2062,-122.46458333333334,37.779583333333335,59.120167
2063,-122.42041666666667,37.78208333333333,29.701725
2064,-122.44708333333334,37.78458333333333,77.251526
2065,-122.44041666666666,37.78958333333333,66.78717
2066,-122.44208333333333,37.77291666666667,72.03694
2067,-122.43625,37.77375,57.944103
2068,-122.43458333333334,37.78958333333333,60.54745
2069,-122.46124999999999,37.77375,76.65718
2070,-122.41208333333333,37.77375,14.501247
2071,-122.42125,37.772083333333335,16.725803
2072,-122.41375,37.78208333333333,27.93664
2073,-122.42625,37.782916666666665,54.408325
2074,-122.46958333333333,37.787083333333335,51.628376
2075,-122.41958333333334,37.77875,20.964521
2076,-122.44958333333334,37.77375,80.37595
2077,-122.43291666666667,37.79208333333333,83.06047
2078,-122.45791666666666,37.79291666666666,66.43378
2079,-122.44708333333334,37.790416666666665,102.71317
2080,-122.41875,37.77791666666667,17.672161
2081,-122.43125,37.77375,66.81296
2082,-122.41708333333334,37.78208333333333,31.940163
2083,-122.41125,37.77375,13.270045
2084,-122.44958333333334,37.790416666666665,91.834114
2085,-122.45041666666667,37.772083333333335,82.6411
2086,-122.42125,37.77125,20.520859
2087,-122.45125,37.77291666666667,80.47079
